Date,Total,Mon,Tue,Wed,Thu,Fri,Sat,Sun,holiday,daylight_hrs,PRCP,Temp (C),dry day,annual
10/3/2012,3521,0,0,1,0,0,0,0,0,11.27735924,0,13.35,1,0
10/4/2012,3475,0,0,0,1,0,0,0,0,11.21914159,0,13.6,1,0.002739726
10/5/2012,3148,0,0,0,0,1,0,0,0,11.16103751,0,15.3,1,0.005479452
10/6/2012,2006,0,0,0,0,0,1,0,0,11.10305648,0,15.85,1,0.008219178
10/7/2012,2142,0,0,0,0,0,0,1,0,11.0452082,0,15.85,1,0.010958904
10/8/2012,3537,1,0,0,0,0,0,0,1,10.98750259,0,14.45,1,0.01369863
10/9/2012,3501,0,1,0,0,0,0,0,0,10.9299498,0,12.5,1,0.016438356
10/10/2012,3235,0,0,1,0,0,0,0,0,10.87256024,0,10.25,1,0.019178082
10/11/2012,3047,0,0,0,1,0,0,0,0,10.81534455,0,10.55,1,0.021917808
10/12/2012,2011,0,0,0,0,1,0,0,0,10.75831368,0.078740157,11.4,0,0.024657534
10/13/2012,766,0,0,0,0,0,1,0,0,10.70147882,0.188976378,13.9,0,0.02739726
10/14/2012,698,0,0,0,0,0,0,1,0,10.6448515,0.649606299,15.55,0,0.030136986
10/15/2012,2273,1,0,0,0,0,0,0,0,10.58844352,0.311023622,14.15,0,0.032876712
10/16/2012,3036,0,1,0,0,0,0,0,0,10.53226702,0,12.2,1,0.035616438
10/17/2012,3243,0,0,1,0,0,0,0,0,10.47633446,0,10.25,1,0.038356164
10/18/2012,2923,0,0,0,1,0,0,0,0,10.42065864,0.818897638,12.25,0,0.04109589
10/19/2012,1977,0,0,0,0,1,0,0,0,10.3652527,0.188976378,12.2,0,0.043835616
10/20/2012,1068,0,0,0,0,0,1,0,0,10.31013014,0.019685039,8.6,0,0.046575342
10/21/2012,989,0,0,0,0,0,0,1,0,10.25530485,0.251968504,8.05,0,0.049315068
10/22/2012,2129,1,0,0,0,0,0,0,0,10.20079104,0.350393701,5.55,0,0.052054795
10/23/2012,2500,0,1,0,0,0,0,0,0,10.14660335,0,8.35,1,0.054794521
10/24/2012,2429,0,0,1,0,0,0,0,0,10.09275678,0.279527559,8.9,0,0.057534247
10/25/2012,2713,0,0,0,1,0,0,0,0,10.03926672,0,9.2,1,0.060273973
10/26/2012,2073,0,0,0,0,1,0,0,0,9.986148955,0.059055118,9.15,0,0.063013699
10/27/2012,531,0,0,0,0,0,1,0,0,9.933419678,0.909448819,11.9,0,0.065753425
10/28/2012,1062,0,0,0,0,0,0,1,0,9.881095472,0.24015748,12.2,0,0.068493151
10/29/2012,2217,1,0,0,0,0,0,0,0,9.829193325,0.429133858,12.8,0,0.071232877
10/30/2012,1735,0,1,0,0,0,0,0,0,9.777730625,1.358267717,13.6,0,0.073972603
10/31/2012,1710,0,0,1,0,0,0,0,0,9.726725161,0.570866142,13.35,0,0.076712329
11/1/2012,2091,0,0,0,1,0,0,0,0,9.676195118,0.381889764,12.8,0,0.079452055
11/2/2012,2478,0,0,0,0,1,0,0,0,9.626159077,0.220472441,12.8,0,0.082191781
11/3/2012,952,0,0,0,0,0,1,0,0,9.576636007,0.019685039,13.35,0,0.084931507
11/4/2012,1011,0,0,0,0,0,0,1,0,9.527645258,0.318897638,15.3,0,0.087671233
11/5/2012,2810,1,0,0,0,0,0,0,0,9.479206555,0.031496063,11.4,0,0.090410959
11/6/2012,2493,0,1,0,0,0,0,0,0,9.431339986,0.011811024,9.75,0,0.093150685
11/7/2012,2719,0,0,1,0,0,0,0,0,9.384065993,0,8.05,1,0.095890411
11/8/2012,2691,0,0,0,1,0,0,0,0,9.337405357,0,5.55,1,0.098630137
11/9/2012,2406,0,0,0,0,1,0,0,0,9.291379181,0,5,1,0.101369863
11/10/2012,1269,0,0,0,0,0,1,0,0,9.246008879,0,3.6,1,0.104109589
11/11/2012,628,0,0,0,0,0,0,1,0,9.201316153,0.598425197,5,0,0.106849315
11/12/2012,1631,1,0,0,0,0,0,0,1,9.157322972,0.141732283,9.45,0,0.109589041
11/13/2012,2087,0,1,0,0,0,0,0,0,9.114051553,0.208661417,9.45,0,0.112328767
11/14/2012,2600,0,0,1,0,0,0,0,0,9.071524332,0.031496063,8.05,0,0.115068493
11/15/2012,2520,0,0,0,1,0,0,0,0,9.029763942,0,6.1,1,0.117808219
11/16/2012,2006,0,0,0,0,1,0,0,0,8.988793182,0.220472441,5.8,0,0.120547945
11/17/2012,640,0,0,0,0,0,1,0,0,8.948634986,0.24015748,9.15,0,0.123287671
11/18/2012,392,0,0,0,0,0,0,1,0,8.909312392,0.311023622,8.05,0,0.126027397
11/19/2012,967,1,0,0,0,0,0,0,0,8.870848508,2.12992126,10.8,0,0.128767123
11/20/2012,1741,0,1,0,0,0,0,0,0,8.833266473,0.149606299,9.15,0,0.131506849
11/21/2012,1370,0,0,1,0,0,0,0,0,8.796589421,0.440944882,6.1,0,0.134246575
11/22/2012,554,0,0,0,1,0,0,0,1,8.760840441,0,5.85,1,0.136986301
11/23/2012,355,0,0,0,0,1,0,0,0,8.726042534,1.25984252,7.75,0,0.139726027
11/24/2012,845,0,0,0,0,0,1,0,0,8.69221857,0,6.4,1,0.142465753
11/25/2012,1018,0,0,0,0,0,0,1,0,8.659391241,0,4.7,1,0.145205479
11/26/2012,2358,1,0,0,0,0,0,0,0,8.627583021,0,5.55,1,0.147945205
11/27/2012,2547,0,1,0,0,0,0,0,0,8.59681611,0,5.85,1,0.150684932
11/28/2012,2034,0,0,1,0,0,0,0,0,8.567112391,0.11023622,5.8,0,0.153424658
11/29/2012,1844,0,0,0,1,0,0,0,0,8.538493377,0.059055118,10.3,0,0.156164384
11/30/2012,1590,0,0,0,0,1,0,0,0,8.510980162,1.401574803,11.4,0,0.15890411
12/1/2012,634,0,0,0,0,0,1,0,0,8.484593371,0.161417323,10.8,0,0.161643836
12/2/2012,527,0,0,0,0,0,0,1,0,8.459353105,0.771653543,7.75,0,0.164383562
12/3/2012,1868,1,0,0,0,0,0,0,0,8.435278895,0.511811024,8.3,0,0.167123288
12/4/2012,2011,0,1,0,0,0,0,0,0,8.412389644,0.559055118,9.45,0,0.169863014
12/5/2012,2300,0,0,1,0,0,0,0,0,8.390703582,0.059055118,6.65,0,0.17260274
12/6/2012,1879,0,0,0,1,0,0,0,0,8.370238213,0.059055118,6.65,0,0.175342466
12/7/2012,1816,0,0,0,0,1,0,0,0,8.351010264,0.039370079,5.55,0,0.178082192
12/8/2012,874,0,0,0,0,0,1,0,0,8.33303564,0,5,1,0.180821918
12/9/2012,422,0,0,0,0,0,0,1,0,8.316329377,0.059055118,4.75,0,0.183561644
12/10/2012,2162,1,0,0,0,0,0,0,0,8.300905595,0.019685039,6.4,0,0.18630137
12/11/2012,1945,0,1,0,0,0,0,0,0,8.286777456,0.118110236,6.7,0,0.189041096
12/12/2012,1848,0,0,1,0,0,0,0,0,8.273957124,0.318897638,5.55,0,0.191780822
12/13/2012,2013,0,0,0,1,0,0,0,0,8.262455726,0.090551181,5.25,0,0.194520548
12/14/2012,1709,0,0,0,0,1,0,0,0,8.252283319,0.311023622,3.6,0,0.197260274
12/15/2012,463,0,0,0,0,0,1,0,0,8.243448854,0.208661417,2.5,0,0.2
12/16/2012,351,0,0,0,0,0,0,1,0,8.235960149,0.88976378,5,0,0.202739726
12/17/2012,1492,1,0,0,0,0,0,0,0,8.229823866,0.078740157,5,0,0.205479452
12/18/2012,1702,0,1,0,0,0,0,0,0,8.225045483,0.12992126,2.25,0,0.208219178
12/19/2012,1020,0,0,1,0,0,0,0,0,8.221629283,0.539370079,5,0,0.210958904
12/20/2012,1077,0,0,0,1,0,0,0,0,8.219578332,0.519685039,3.9,0,0.21369863
12/21/2012,1232,0,0,0,0,1,0,0,0,8.218894477,0.070866142,3.3,0,0.216438356
12/22/2012,493,0,0,0,0,0,1,0,0,8.219578332,0.12992126,6.1,0,0.219178082
12/23/2012,441,0,0,0,0,0,0,1,0,8.221629283,0.25984252,5.25,0,0.221917808
12/24/2012,574,1,0,0,0,0,0,0,0,8.225045483,0.011811024,4.2,0,0.224657534
12/25/2012,98,0,1,0,0,0,0,0,1,8.229823866,0.531496063,4.2,0,0.22739726
12/26/2012,845,0,0,1,0,0,0,0,0,8.235960149,0.181102362,5,0,0.230136986
12/27/2012,1148,0,0,0,1,0,0,0,0,8.243448854,0.161417323,5.55,0,0.232876712
12/28/2012,1257,0,0,0,0,1,0,0,0,8.252283319,0,6.1,1,0.235616438
12/29/2012,487,0,0,0,0,0,1,0,0,8.262455726,0.059055118,4.15,0,0.238356164
12/30/2012,695,0,0,0,0,0,0,1,0,8.273957124,0,2.2,1,0.24109589
12/31/2012,986,1,0,0,0,0,0,0,0,8.286777456,0,1.1,1,0.243835616
1/1/2013,678,0,1,0,0,0,0,0,1,8.300905595,0,1.1,1,0.246575342
1/2/2013,1835,0,0,1,0,0,0,0,0,8.316329377,0,2.5,1,0.249315068
1/3/2013,1803,0,0,0,1,0,0,0,0,8.33303564,0.161417323,2.5,0,0.252054795
1/4/2013,1712,0,0,0,0,1,0,0,0,8.351010264,0.098425197,6.1,0,0.254794521
1/5/2013,719,0,0,0,0,0,1,0,0,8.370238213,0.118110236,5.55,0,0.257534247
1/6/2013,706,0,0,0,0,0,0,1,0,8.390703582,0.078740157,5,0,0.260273973
1/7/2013,1893,1,0,0,0,0,0,0,0,8.412389644,0.090551181,7.2,0,0.263013699
1/8/2013,1578,0,1,0,0,0,0,0,0,8.435278895,0.641732283,8.65,0,0.265753425
1/9/2013,1347,0,0,1,0,0,0,0,0,8.459353105,1.511811024,5.85,0,0.268493151
1/10/2013,1810,0,0,0,1,0,0,0,0,8.484593371,0.011811024,1.35,0,0.271232877
1/11/2013,1570,0,0,0,0,1,0,0,0,8.510980162,0,0,1,0.273972603
1/12/2013,677,0,0,0,0,0,1,0,0,8.538493377,0,-0.55,1,0.276712329
1/13/2013,559,0,0,0,0,0,0,1,0,8.567112391,0,-1.1,1,0.279452055
1/14/2013,1869,1,0,0,0,0,0,0,0,8.59681611,0,0.55,1,0.282191781
1/15/2013,2066,0,1,0,0,0,0,0,0,8.627583021,0,3.05,1,0.284931507
1/16/2013,1950,0,0,1,0,0,0,0,0,8.659391241,0,1.1,1,0.287671233
1/17/2013,1777,0,0,0,1,0,0,0,0,8.69221857,0,0.55,1,0.290410959
1/18/2013,1585,0,0,0,0,1,0,0,0,8.726042534,0,1.1,1,0.293150685
1/19/2013,760,0,0,0,0,0,1,0,0,8.760840441,0,0.25,1,0.295890411
1/20/2013,801,0,0,0,0,0,0,1,0,8.796589421,0,1.35,1,0.298630137
1/21/2013,1276,1,0,0,0,0,0,0,1,8.833266473,0,0.25,1,0.301369863
1/22/2013,1965,0,1,0,0,0,0,0,0,8.870848508,0,0.8,1,0.304109589
1/23/2013,1767,0,0,1,0,0,0,0,0,8.909312392,0.200787402,4.7,0,0.306849315
1/24/2013,1955,0,0,0,1,0,0,0,0,8.948634986,0.228346457,4.15,0,0.309589041
1/25/2013,1861,0,0,0,0,1,0,0,0,8.988793182,0.118110236,6.7,0,0.312328767
1/26/2013,544,0,0,0,0,0,1,0,0,9.029763942,0.090551181,6.1,0,0.315068493
1/27/2013,643,0,0,0,0,0,0,1,0,9.071524332,0.070866142,4.75,0,0.317808219
1/28/2013,1708,1,0,0,0,0,0,0,0,9.114051553,0.311023622,4.7,0,0.320547945
1/29/2013,1789,0,1,0,0,0,0,0,0,9.157322972,0.169291339,6.65,0,0.323287671
1/30/2013,1760,0,0,1,0,0,0,0,0,9.201316153,0.141732283,7.8,0,0.326027397
1/31/2013,1921,0,0,0,1,0,0,0,0,9.246008879,0.118110236,8.3,0,0.328767123
2/1/2013,2108,0,0,0,0,1,0,0,0,9.291379181,0.011811024,8.35,0,0.331506849
2/2/2013,1133,0,0,0,0,0,1,0,0,9.337405357,0,4.45,1,0.334246575
2/3/2013,868,0,0,0,0,0,0,1,0,9.384065993,0.090551181,5.85,0,0.336986301
2/4/2013,2288,1,0,0,0,0,0,0,0,9.431339986,0,8.65,1,0.339726027
2/5/2013,2012,0,1,0,0,0,0,0,0,9.479206555,0.12992126,8.35,0,0.342465753
2/6/2013,1995,0,0,1,0,0,0,0,0,9.527645258,0.039370079,8.35,0,0.345205479
2/7/2013,2187,0,0,0,1,0,0,0,0,9.576636007,0.051181102,6.35,0,0.347945205
2/8/2013,2161,0,0,0,0,1,0,0,0,9.626159077,0,5,1,0.350684932
2/9/2013,1114,0,0,0,0,0,1,0,0,9.676195118,0.011811024,6.35,0,0.353424658
2/10/2013,1312,0,0,0,0,0,0,1,0,9.726725161,0,5.3,1,0.356164384
2/11/2013,2145,1,0,0,0,0,0,0,0,9.777730625,0.011811024,6.35,0,0.35890411
2/12/2013,2105,0,1,0,0,0,0,0,0,9.829193325,0.039370079,9.15,0,0.361643836
2/13/2013,2066,0,0,1,0,0,0,0,0,9.881095472,0.090551181,8.3,0,0.364383562
2/14/2013,1884,0,0,0,1,0,0,0,0,9.933419678,0.039370079,7.5,0,0.367123288
2/15/2013,2304,0,0,0,0,1,0,0,0,9.986148955,0,9.15,1,0.369863014
2/16/2013,1017,0,0,0,0,0,1,0,0,10.03926672,0,7.5,1,0.37260274
2/17/2013,869,0,0,0,0,0,0,1,0,10.09275678,0,6.9,1,0.375342466
2/18/2013,1481,1,0,0,0,0,0,0,1,10.14660335,0,5.85,1,0.378082192
2/19/2013,2586,0,1,0,0,0,0,0,0,10.20079104,0,6.15,1,0.380821918
2/20/2013,2217,0,0,1,0,0,0,0,0,10.25530485,0.059055118,4.45,0,0.383561644
2/21/2013,1891,0,0,0,1,0,0,0,0,10.31013014,0.019685039,5.3,0,0.38630137
2/22/2013,1360,0,0,0,0,1,0,0,0,10.3652527,0.37007874,5.85,0,0.389041096
2/23/2013,1126,0,0,0,0,0,1,0,0,10.42065864,0.011811024,6.95,0,0.391780822
2/24/2013,1122,0,0,0,0,0,0,1,0,10.47633446,0,6.95,1,0.394520548
2/25/2013,2086,1,0,0,0,0,0,0,0,10.53226702,0.090551181,6.95,0,0.397260274
2/26/2013,2497,0,1,0,0,0,0,0,0,10.58844352,0.019685039,6.4,0,0.4
2/27/2013,2334,0,0,1,0,0,0,0,0,10.6448515,0.181102362,7.2,0,0.402739726
2/28/2013,1759,0,0,0,1,0,0,0,0,10.70147882,0.318897638,9.2,0,0.405479452
3/1/2013,1845,0,0,0,0,1,0,0,0,10.75831368,0.161417323,13.05,0,0.408219178
3/2/2013,1233,0,0,0,0,0,1,0,0,10.81534455,0.031496063,9.45,0,0.410958904
3/3/2013,1690,0,0,0,0,0,0,1,0,10.87256024,0,6.65,1,0.41369863
3/4/2013,2791,1,0,0,0,0,0,0,0,10.9299498,0,6.65,1,0.416438356
3/5/2013,2398,0,1,0,0,0,0,0,0,10.98750259,0,7.75,1,0.419178082
3/6/2013,2041,0,0,1,0,0,0,0,0,11.0452082,0.468503937,6.1,0,0.421917808
3/7/2013,2150,0,0,0,1,0,0,0,0,11.10305648,0.291338583,8.6,0,0.424657534
3/8/2013,2739,0,0,0,0,1,0,0,0,11.16103751,0,6.95,1,0.42739726
3/9/2013,2430,0,0,0,0,0,1,0,0,11.21914159,0,6.95,1,0.430136986
3/10/2013,1046,0,0,0,0,0,0,1,0,11.27735924,0.031496063,5.85,0,0.432876712
3/11/2013,2250,1,0,0,0,0,0,0,0,11.33568114,0.051181102,8.35,0,0.435616438
3/12/2013,1980,0,1,0,0,0,0,0,0,11.39409818,0.078740157,11.4,0,0.438356164
3/13/2013,1894,0,0,1,0,0,0,0,0,11.4526014,0.090551181,10.55,0,0.44109589
3/14/2013,2202,0,0,0,1,0,0,0,0,11.511182,0.11023622,10.55,0,0.443835616
3/15/2013,2355,0,0,0,0,1,0,0,0,11.56983131,0,11.65,1,0.446575342
3/16/2013,1063,0,0,0,0,0,1,0,0,11.62854078,0.169291339,7.5,0,0.449315068
3/17/2013,1295,0,0,0,0,0,0,1,0,11.68730197,0,6.4,1,0.452054795
3/18/2013,2381,1,0,0,0,0,0,0,0,11.74610654,0,7.8,1,0.454794521
3/19/2013,2312,0,1,0,0,0,0,0,0,11.80494622,0.460629921,7.25,0,0.457534247
3/20/2013,1507,0,0,1,0,0,0,0,0,11.86381281,0.38976378,7.75,0,0.460273973
3/21/2013,1924,0,0,0,1,0,0,0,0,11.92269814,0.318897638,6.1,0,0.463013699
3/22/2013,1862,0,0,0,0,1,0,0,0,11.98159411,0,5,1,0.465753425
3/23/2013,1752,0,0,0,0,0,1,0,0,12.04049261,0,5.55,1,0.468493151
3/24/2013,1385,0,0,0,0,0,0,1,0,12.09938554,0,6.4,1,0.471232877
3/25/2013,3159,1,0,0,0,0,0,0,0,12.1582648,0,10.55,1,0.473972603
3/26/2013,3015,0,1,0,0,0,0,0,0,12.21712225,0,11.4,1,0.476712329
3/27/2013,2617,0,0,1,0,0,0,0,0,12.27594973,0.011811024,10.25,0,0.479452055
3/28/2013,2706,0,0,0,1,0,0,0,0,12.33473901,0.078740157,12.2,0,0.482191781
3/29/2013,3207,0,0,0,0,1,0,0,0,12.39348178,0,13.05,1,0.484931507
3/30/2013,2497,0,0,0,0,0,1,0,0,12.45216969,0,12.8,1,0.487671233
3/31/2013,2363,0,0,0,0,0,0,1,0,12.51079424,0,13.65,1,0.490410959
4/1/2013,3248,1,0,0,0,0,0,0,0,12.56934684,0,12.75,1,0.493150685
4/2/2013,3287,0,1,0,0,0,0,0,0,12.62781879,0,11.4,1,0.495890411
4/3/2013,3486,0,0,1,0,0,0,0,0,12.68620121,0,12.25,1,0.498630137
4/4/2013,2007,0,0,0,1,0,0,0,0,12.74448509,0.330708661,12.2,0,0.501369863
4/5/2013,1842,0,0,0,0,1,0,0,0,12.80266125,0.728346457,11.95,0,0.504109589
4/6/2013,789,0,0,0,0,0,1,0,0,12.86072031,0.5,9.7,0,0.506849315
4/7/2013,577,0,0,0,0,0,0,1,0,12.91865271,1.539370079,6.65,0,0.509589041
4/8/2013,2689,1,0,0,0,0,0,0,0,12.97644866,0.031496063,9.7,0,0.512328767
4/9/2013,2900,0,1,0,0,0,0,0,0,13.03409817,0,9.15,1,0.515068493
4/10/2013,2113,0,0,1,0,0,0,0,0,13.09159098,0.37007874,11.95,0,0.517808219
4/11/2013,2499,0,0,0,1,0,0,0,0,13.1489166,0.059055118,9.45,0,0.520547945
4/12/2013,2045,0,0,0,0,1,0,0,0,13.20606428,0.381889764,6.1,0,0.523287671
4/13/2013,846,0,0,0,0,0,1,0,0,13.26302298,0.37007874,6.95,0,0.526027397
4/14/2013,1464,0,0,0,0,0,0,1,0,13.31978137,0.228346457,8.6,0,0.528767123
4/15/2013,2687,1,0,0,0,0,0,0,0,13.37632784,0,9.15,1,0.531506849
4/16/2013,3076,0,1,0,0,0,0,0,0,13.43265045,0.011811024,8.6,0,0.534246575
4/17/2013,2939,0,0,1,0,0,0,0,0,13.48873696,0,9.45,1,0.536986301
4/18/2013,1972,0,0,0,1,0,0,0,0,13.54457476,0.208661417,9.2,0,0.539726027
4/19/2013,1385,0,0,0,0,1,0,0,0,13.60015094,0.811023622,11.35,0,0.542465753
4/20/2013,1032,0,0,0,0,0,1,0,0,13.65545221,0,11.1,1,0.545205479
4/21/2013,968,0,0,0,0,0,0,1,0,13.71046493,0.12992126,9.45,0,0.547945205
4/22/2013,3633,1,0,0,0,0,0,0,0,13.76517511,0,10.55,1,0.550684932
4/23/2013,3942,0,1,0,0,0,0,0,0,13.81956836,0,10.85,1,0.553424658
4/24/2013,4450,0,0,1,0,0,0,0,0,13.87362991,0,13.6,1,0.556164384
4/25/2013,4166,0,0,0,1,0,0,0,0,13.92734461,0,14.2,1,0.55890411
4/26/2013,3457,0,0,0,0,1,0,0,0,13.98069693,0,14.45,1,0.561643836
4/27/2013,1214,0,0,0,0,0,1,0,0,14.03367093,0,12.25,1,0.564383562
4/28/2013,1190,0,0,0,0,0,0,1,0,14.08625027,0.039370079,12.2,0,0.567123288
4/29/2013,2693,1,0,0,0,0,0,0,0,14.13841822,0.149606299,10.3,0,0.569863014
4/30/2013,3402,0,1,0,0,0,0,0,0,14.19015763,0,8.6,1,0.57260274
5/1/2013,5017,0,0,1,0,0,0,0,0,14.24145097,0,10.8,1,0.575342466
5/2/2013,4877,0,0,0,1,0,0,0,0,14.29228031,0,13.65,1,0.578082192
5/3/2013,4520,0,0,0,0,1,0,0,0,14.3426273,0,15.55,1,0.580821918
5/4/2013,2912,0,0,0,0,0,1,0,0,14.39247322,0,18.05,1,0.583561644
5/5/2013,3003,0,0,0,0,0,0,1,0,14.44179896,0,20.3,1,0.58630137
5/6/2013,5066,1,0,0,0,0,0,0,0,14.49058502,0,21.4,1,0.589041096
5/7/2013,5103,0,1,0,0,0,0,0,0,14.53881155,0,15.85,1,0.591780822
5/8/2013,4972,0,0,1,0,0,0,0,0,14.58645831,0,15.25,1,0.594520548
5/9/2013,4663,0,0,0,1,0,0,0,0,14.63350475,0,16.4,1,0.597260274
5/10/2013,4866,0,0,0,0,1,0,0,0,14.67992995,0,17.75,1,0.6
5/11/2013,2481,0,0,0,0,0,1,0,0,14.7257127,0,19.7,1,0.602739726
5/12/2013,1263,0,0,0,0,0,0,1,0,14.77083147,0.25984252,17.8,0,0.605479452
5/13/2013,3367,1,0,0,0,0,0,0,0,14.81526446,0.12992126,14.15,0,0.608219178
5/14/2013,4575,0,1,0,0,0,0,0,0,14.85898959,0,13.05,1,0.610958904
5/15/2013,3896,0,0,1,0,0,0,0,0,14.90198458,0.039370079,13.05,0,0.61369863
5/16/2013,4274,0,0,0,1,0,0,0,0,14.9442269,0,16.95,1,0.616438356
5/17/2013,4783,0,0,0,0,1,0,0,0,14.98569386,0.019685039,14.45,0,0.619178082
5/18/2013,1814,0,0,0,0,0,1,0,0,15.0263626,0,13.9,1,0.621917808
5/19/2013,2136,0,0,0,0,0,0,1,0,15.06621015,0,14.45,1,0.624657534
5/20/2013,4649,1,0,0,0,0,0,0,0,15.10521344,0,14.4,1,0.62739726
5/21/2013,2481,0,1,0,0,0,0,0,0,15.14334934,0.539370079,11.95,0,0.630136986
5/22/2013,2860,0,0,1,0,0,0,0,0,15.18059472,0.539370079,9.15,0,0.632876712
5/23/2013,3023,0,0,0,1,0,0,0,0,15.21692644,0.161417323,9.45,0,0.635616438
5/24/2013,3373,0,0,0,0,1,0,0,0,15.25232146,0.011811024,12.8,0,0.638356164
5/25/2013,1766,0,0,0,0,0,1,0,0,15.28675681,0,13.9,1,0.64109589
5/26/2013,1191,0,0,0,0,0,0,1,0,15.32020968,0.059055118,14.45,0,0.643835616
5/27/2013,769,1,0,0,0,0,0,0,1,15.35265747,0.381889764,13.9,0,0.646575342
5/28/2013,3359,0,1,0,0,0,0,0,0,15.38407778,0.019685039,14.45,0,0.649315068
5/29/2013,3137,0,0,1,0,0,0,0,0,15.41444854,0.220472441,12.75,0,0.652054795
5/30/2013,3963,0,0,0,1,0,0,0,0,15.443748,0,13.05,1,0.654794521
5/31/2013,4415,0,0,0,0,1,0,0,0,15.47195478,0,15.25,1,0.657534247
6/1/2013,2240,0,0,0,0,0,1,0,0,15.49904798,0,17.5,1,0.660273973
6/2/2013,2676,0,0,0,0,0,0,1,0,15.52500715,0.039370079,16.4,0,0.663013699
6/3/2013,4292,1,0,0,0,0,0,0,0,15.5498124,0,16.65,1,0.665753425
6/4/2013,5121,0,1,0,0,0,0,0,0,15.57344443,0,19.15,1,0.668493151
6/5/2013,5038,0,0,1,0,0,0,0,0,15.59588458,0,20.55,1,0.671232877
6/6/2013,4639,0,0,0,1,0,0,0,0,15.6171149,0,19.45,1,0.673972603
6/7/2013,3676,0,0,0,0,1,0,0,0,15.63711815,0,17.5,1,0.676712329
6/8/2013,2179,0,0,0,0,0,1,0,0,15.65587792,0,16.7,1,0.679452055
6/9/2013,2081,0,0,0,0,0,0,1,0,15.67337862,0,15.85,1,0.682191781
6/10/2013,4369,1,0,0,0,0,0,0,0,15.68960556,0,16.7,1,0.684931507
6/11/2013,3678,0,1,0,0,0,0,0,0,15.70454497,0,15,1,0.687671233
6/12/2013,4005,0,0,1,0,0,0,0,0,15.71818405,0.011811024,16.15,0,0.690410959
6/13/2013,3915,0,0,0,1,0,0,0,0,15.73051103,0,16.4,1,0.693150685
6/14/2013,3322,0,0,0,0,1,0,0,0,15.74151517,0,16.1,1,0.695890411
6/15/2013,2556,0,0,0,0,0,1,0,0,15.75118684,0,17.8,1,0.698630137
6/16/2013,2302,0,0,0,0,0,0,1,0,15.7595175,0,18.35,1,0.701369863
6/17/2013,4252,1,0,0,0,0,0,0,0,15.76649976,0,19.75,1,0.704109589
6/18/2013,4526,0,1,0,0,0,0,0,0,15.77212741,0.011811024,18.3,0,0.706849315
6/19/2013,3655,0,0,1,0,0,0,0,0,15.77639541,0,16.4,1,0.709589041
6/20/2013,2471,0,0,0,1,0,0,0,0,15.77929994,0.118110236,15,0,0.712328767
6/21/2013,3010,0,0,0,0,1,0,0,0,15.78083838,0.011811024,16.4,0,0.715068493
6/22/2013,3143,0,0,0,0,0,1,0,0,15.78100935,0,18.65,1,0.717808219
6/23/2013,1644,0,0,0,0,0,0,1,0,15.7798127,0.311023622,18.6,0,0.720547945
6/24/2013,2432,1,0,0,0,0,0,0,0,15.77724949,0.188976378,17.5,0,0.723287671
6/25/2013,2649,0,1,0,0,0,0,0,0,15.77332205,0.38976378,18.85,0,0.726027397
6/26/2013,2904,0,0,1,0,0,0,0,0,15.76803389,0.078740157,18.6,0,0.728767123
6/27/2013,2928,0,0,0,1,0,0,0,0,15.76138974,0.141732283,18.9,0,0.731506849
6/28/2013,4099,0,0,0,0,1,0,0,0,15.75339553,0,23.35,1,0.734246575
6/29/2013,2732,0,0,0,0,0,1,0,0,15.74405836,0,24.15,1,0.736986301
6/30/2013,2746,0,0,0,0,0,0,1,0,15.73338647,0,25.55,1,0.739726027
7/1/2013,4207,1,0,0,0,0,0,0,0,15.72138924,0,25,1,0.742465753
7/2/2013,4696,0,1,0,0,0,0,0,0,15.70807712,0,21.95,1,0.745205479
7/3/2013,4255,0,0,1,0,0,0,0,0,15.69346163,0,21.4,1,0.747945205
7/4/2013,3749,0,0,0,1,0,0,0,1,15.67755533,0,17.8,1,0.750684932
7/5/2013,3088,0,0,0,0,1,0,0,0,15.66037172,0,18.6,1,0.753424658
7/6/2013,2922,0,0,0,0,0,1,0,0,15.64192529,0,19.7,1,0.756164384
7/7/2013,2595,0,0,0,0,0,0,1,0,15.6222314,0,18.9,1,0.75890411
7/8/2013,4347,1,0,0,0,0,0,0,0,15.60130627,0,20,1,0.761643836
7/9/2013,4816,0,1,0,0,0,0,0,0,15.57916692,0,22.5,1,0.764383562
7/10/2013,4607,0,0,1,0,0,0,0,0,15.55583114,0,18.05,1,0.767123288
7/11/2013,4100,0,0,0,1,0,0,0,0,15.53131741,0,17.5,1,0.769863014
7/12/2013,3696,0,0,0,0,1,0,0,0,15.50564487,0,16.35,1,0.77260274
7/13/2013,2698,0,0,0,0,0,1,0,0,15.47883329,0,18.6,1,0.775342466
7/14/2013,2640,0,0,0,0,0,0,1,0,15.45090296,0,20.3,1,0.778082192
7/15/2013,4418,1,0,0,0,0,0,0,0,15.42187468,0,21.1,1,0.780821918
7/16/2013,4593,0,1,0,0,0,0,0,0,15.39176972,0,24.7,1,0.783561644
7/17/2013,4171,0,0,1,0,0,0,0,0,15.36060974,0,18.6,1,0.78630137
7/18/2013,4386,0,0,0,1,0,0,0,0,15.32841674,0,20,1,0.789041096
7/19/2013,3915,0,0,0,0,1,0,0,0,15.29521302,0,20.55,1,0.791780822
7/20/2013,2511,0,0,0,0,0,1,0,0,15.26102116,0,19.15,1,0.794520548
7/21/2013,2425,0,0,0,0,0,0,1,0,15.22586391,0,18.35,1,0.797260274
7/22/2013,4174,1,0,0,0,0,0,0,0,15.1897642,0,19.7,1,0.8
7/23/2013,4604,0,1,0,0,0,0,0,0,15.15274508,0,22.5,1,0.802739726
7/24/2013,4694,0,0,1,0,0,0,0,0,15.11482963,0,22.75,1,0.805479452
7/25/2013,4473,0,0,0,1,0,0,0,0,15.07604102,0,21.95,1,0.808219178
7/26/2013,3963,0,0,0,0,1,0,0,0,15.03640237,0,22.75,1,0.810958904
7/27/2013,2501,0,0,0,0,0,1,0,0,14.99593677,0,19.2,1,0.81369863
7/28/2013,1980,0,0,0,0,0,0,1,0,14.95466722,0,16.65,1,0.816438356
7/29/2013,4088,1,0,0,0,0,0,0,0,14.9126166,0,19.15,1,0.819178082
7/30/2013,4540,0,1,0,0,0,0,0,0,14.86980767,0,19.15,1,0.821917808
7/31/2013,4122,0,0,1,0,0,0,0,0,14.82626297,0,17.5,1,0.824657534
8/1/2013,3719,0,0,0,1,0,0,0,0,14.78200487,0,16.95,1,0.82739726
8/2/2013,2579,0,0,0,0,1,0,0,0,14.73705549,0.078740157,16.1,0,0.830136986
8/3/2013,2257,0,0,0,0,0,1,0,0,14.69143671,0,20.3,1,0.832876712
8/4/2013,2466,0,0,0,0,0,0,1,0,14.64517012,0,21.95,1,0.835616438
8/5/2013,4312,1,0,0,0,0,0,0,0,14.59827701,0,22.5,1,0.838356164
8/6/2013,4602,0,1,0,0,0,0,0,0,14.55077839,0,22.25,1,0.84109589
8/7/2013,4556,0,0,1,0,0,0,0,0,14.50269489,0,22.5,1,0.843835616
8/8/2013,4275,0,0,0,1,0,0,0,0,14.45404684,0,21.35,1,0.846575342
8/9/2013,3833,0,0,0,0,1,0,0,0,14.40485418,0,21.35,1,0.849315068
8/10/2013,1897,0,0,0,0,0,1,0,0,14.35513649,0.090551181,20.3,0,0.852054795
8/11/2013,2315,0,0,0,0,0,0,1,0,14.304913,0,19.7,1,0.854794521
8/12/2013,4028,1,0,0,0,0,0,0,0,14.25420252,0,20.85,1,0.857534247
8/13/2013,4469,0,1,0,0,0,0,0,0,14.20302348,0,21.4,1,0.860273973
8/14/2013,4171,0,0,1,0,0,0,0,0,14.15139392,0.031496063,21.1,0,0.863013699
8/15/2013,3334,0,0,0,1,0,0,0,0,14.09933149,0.070866142,19.15,0,0.865753425
8/16/2013,3819,0,0,0,0,1,0,0,0,14.04685341,0,22.5,1,0.868493151
8/17/2013,2219,0,0,0,0,0,1,0,0,13.99397653,0,21.4,1,0.871232877
8/18/2013,2301,0,0,0,0,0,0,1,0,13.94071728,0,20.85,1,0.873972603
8/19/2013,4117,1,0,0,0,0,0,0,0,13.8870917,0,21.15,1,0.876712329
8/20/2013,4524,0,1,0,0,0,0,0,0,13.83311542,0,20.85,1,0.879452055
8/21/2013,4392,0,0,1,0,0,0,0,0,13.7788037,0,21.4,1,0.882191781
8/22/2013,4170,0,0,0,1,0,0,0,0,13.7241714,0,21.95,1,0.884931507
8/23/2013,3446,0,0,0,0,1,0,0,0,13.66923298,0,20.55,1,0.887671233
8/24/2013,2030,0,0,0,0,0,1,0,0,13.61400255,0,20.85,1,0.890410959
8/25/2013,2059,0,0,0,0,0,0,1,0,13.55849384,0.011811024,19.15,0,0.893150685
8/26/2013,3240,1,0,0,0,0,0,0,0,13.50272022,0.039370079,20.25,0,0.895890411
8/27/2013,3892,0,1,0,0,0,0,0,0,13.4466947,0.051181102,21.95,0,0.898630137
8/28/2013,3484,0,0,1,0,0,0,0,0,13.39042995,0.220472441,21.15,0,0.901369863
8/29/2013,2375,0,0,0,1,0,0,0,0,13.33393832,0.75984252,21.1,0,0.904109589
8/30/2013,3376,0,0,0,0,1,0,0,0,13.2772318,0,21.1,1,0.906849315
8/31/2013,2292,0,0,0,0,0,1,0,0,13.22032211,0,20.85,1,0.909589041
9/1/2013,2288,0,0,0,0,0,0,1,0,13.16322063,0,21.7,1,0.912328767
9/2/2013,2325,1,0,0,0,0,0,0,1,13.10593847,0,22.5,1,0.915068493
9/3/2013,2931,0,1,0,0,0,0,0,0,13.04848647,0.090551181,20.85,0,0.917808219
9/4/2013,3830,0,0,1,0,0,0,0,0,12.99087517,0.011811024,19.45,0,0.920547945
9/5/2013,2248,0,0,0,1,0,0,0,0,12.93311488,1.090551181,17.8,0,0.923287671
9/6/2013,2223,0,0,0,0,1,0,0,0,12.87521567,0.838582677,18.9,0,0.926027397
9/7/2013,1880,0,0,0,0,0,1,0,0,12.81718736,0,20.25,1,0.928767123
9/8/2013,2331,0,0,0,0,0,0,1,0,12.75903959,0,20.55,1,0.931506849
9/9/2013,3893,1,0,0,0,0,0,0,0,12.70078177,0,20,1,0.934246575
9/10/2013,4245,0,1,0,0,0,0,0,0,12.64242314,0,20.85,1,0.936986301
9/11/2013,4411,0,0,1,0,0,0,0,0,12.58397274,0,25,1,0.939726027
9/12/2013,4045,0,0,0,1,0,0,0,0,12.52543947,0,20.3,1,0.942465753
9/13/2013,3232,0,0,0,0,1,0,0,0,12.4668321,0,17.25,1,0.945205479
9/14/2013,1832,0,0,0,0,0,1,0,0,12.40815923,0,18.65,1,0.947945205
9/15/2013,1024,0,0,0,0,0,0,1,0,12.34942938,0.12992126,16.65,0,0.950684932
9/16/2013,3065,1,0,0,0,0,0,0,0,12.29065095,0.011811024,18.35,0,0.953424658
9/17/2013,3284,0,1,0,0,0,0,0,0,12.23183225,0,15.85,1,0.956164384
9/18/2013,3909,0,0,1,0,0,0,0,0,12.17298152,0,17.2,1,0.95890411
9/19/2013,4118,0,0,0,1,0,0,0,0,12.11410695,0,17.8,1,0.961643836
9/20/2013,3334,0,0,0,0,1,0,0,0,12.05521668,0.141732283,18.3,0,0.964383562
9/21/2013,1932,0,0,0,0,0,1,0,0,11.99631881,0,17.2,1,0.967123288
9/22/2013,796,0,0,0,0,0,0,1,0,11.93742146,0.531496063,15.25,0,0.969863014
9/23/2013,2257,1,0,0,0,0,0,0,0,11.8785327,0.11023622,13.6,0,0.97260274
9/24/2013,3206,0,1,0,0,0,0,0,0,11.81966066,0,13.9,1,0.975342466
9/25/2013,3102,0,0,1,0,0,0,0,0,11.76081349,0.078740157,12.75,0,0.978082192
9/26/2013,3613,0,0,0,1,0,0,0,0,11.70199937,0,12.2,1,0.980821918
9/27/2013,2149,0,0,0,0,1,0,0,0,11.64322656,0.039370079,12.25,0,0.983561644
9/28/2013,477,0,0,0,0,0,1,0,0,11.58450337,1.708661417,14.2,0,0.98630137
9/29/2013,490,0,0,0,0,0,0,1,0,11.52583822,0.661417323,12.75,0,0.989041096
9/30/2013,2259,1,0,0,0,0,0,0,0,11.46723964,0.728346457,11.95,0,0.991780822
10/1/2013,2730,0,1,0,0,0,0,0,0,11.40871625,0.311023622,11.65,0,0.994520548
10/2/2013,2412,0,0,1,0,0,0,0,0,11.35027683,0.208661417,11.1,0,0.997260274
10/3/2013,3251,0,0,0,1,0,0,0,0,11.2919303,0.031496063,11.65,0,1
10/4/2013,3214,0,0,0,0,1,0,0,0,11.23368572,0,11.7,1,1.002739726
10/5/2013,2153,0,0,0,0,0,1,0,0,11.17555237,0,14.15,1,1.005479452
10/6/2013,2170,0,0,0,0,0,0,1,0,11.11753967,0.161417323,15.3,0,1.008219178
10/7/2013,2940,1,0,0,0,0,0,0,0,11.05965728,0.019685039,13.9,0,1.010958904
10/8/2013,2890,0,1,0,0,0,0,0,0,11.00191506,0.271653543,10.85,0,1.01369863
10/9/2013,3587,0,0,1,0,0,0,0,0,10.94432311,0,10.3,1,1.016438356
10/10/2013,3172,0,0,0,1,0,0,0,0,10.88689175,0.039370079,11.35,0,1.019178082
10/11/2013,2334,0,0,0,0,1,0,0,0,10.82963158,0.358267717,12.25,0,1.021917808
10/12/2013,1274,0,0,0,0,0,1,0,0,10.77255346,0.039370079,11.65,0,1.024657534
10/13/2013,1515,0,0,0,0,0,0,1,0,10.71566854,0,10.85,1,1.02739726
10/14/2013,3405,1,0,0,0,0,0,0,1,10.65898823,0,9.75,1,1.030136986
10/15/2013,3464,0,1,0,0,0,0,0,0,10.60252429,0,10.3,1,1.032876712
10/16/2013,3340,0,0,1,0,0,0,0,0,10.54628877,0,10.85,1,1.035616438
10/17/2013,3251,0,0,0,1,0,0,0,0,10.49029404,0,11.65,1,1.038356164
10/18/2013,2950,0,0,0,0,1,0,0,0,10.43455281,0,10,1,1.04109589
10/19/2013,1134,0,0,0,0,0,1,0,0,10.37907815,0,9.2,1,1.043835616
10/20/2013,1112,0,0,0,0,0,0,1,0,10.32388346,0,9.2,1,1.046575342
10/21/2013,3006,1,0,0,0,0,0,0,0,10.26898253,0,10,1,1.049315068
10/22/2013,3162,0,1,0,0,0,0,0,0,10.2143895,0,10.8,1,1.052054795
10/23/2013,3084,0,0,1,0,0,0,0,0,10.16011889,0,9.45,1,1.054794521
10/24/2013,3015,0,0,0,1,0,0,0,0,10.10618561,0,8.05,1,1.057534247
10/25/2013,2435,0,0,0,0,1,0,0,0,10.05260495,0,10,1,1.060273973
10/26/2013,1367,0,0,0,0,0,1,0,0,9.999392614,0,10,1,1.063013699
10/27/2013,778,0,0,0,0,0,0,1,0,9.946564676,0.070866142,11.1,0,1.065753425
10/28/2013,3328,1,0,0,0,0,0,0,0,9.894137626,0,10.8,1,1.068493151
10/29/2013,3352,0,1,0,0,0,0,0,0,9.84212835,0,8.3,1,1.071232877
10/30/2013,2954,0,0,1,0,0,0,0,0,9.790554136,0.019685039,10.3,0,1.073972603
10/31/2013,2573,0,0,0,1,0,0,0,0,9.739432673,0.011811024,12.5,0,1.076712329
11/1/2013,2812,0,0,0,0,1,0,0,0,9.688782048,0.051181102,14.75,0,1.079452055
11/2/2013,670,0,0,0,0,0,1,0,0,9.638620744,0.5,11.35,0,1.082191781
11/3/2013,1321,0,0,0,0,0,0,1,0,9.588967632,0.019685039,8.3,0,1.084931507
11/4/2013,3058,1,0,0,0,0,0,0,0,9.539841968,0,7.25,1,1.087671233
11/5/2013,2789,0,1,0,0,0,0,0,0,9.491263384,0.098425197,10.25,0,1.090410959
11/6/2013,2918,0,0,1,0,0,0,0,0,9.443251879,0.149606299,10.3,0,1.093150685
11/7/2013,1709,0,0,0,1,0,0,0,0,9.395827807,1.181102362,10.55,0,1.095890411
11/8/2013,2632,0,0,0,0,1,0,0,0,9.349011865,0,10.25,1,1.098630137
11/9/2013,1193,0,0,0,0,0,1,0,0,9.302825078,0.070866142,8.05,0,1.101369863
11/10/2013,990,0,0,0,0,0,0,1,0,9.257288785,0,9.7,1,1.104109589
11/11/2013,2661,1,0,0,0,0,0,0,1,9.212424615,0,11.1,1,1.106849315
11/12/2013,2416,0,1,0,0,0,0,0,0,9.168254474,0.161417323,12.25,0,1.109589041
11/13/2013,3067,0,0,1,0,0,0,0,0,9.124800519,0,12.25,1,1.112328767
11/14/2013,2591,0,0,0,1,0,0,0,0,9.082085134,0.051181102,8.6,0,1.115068493
11/15/2013,2063,0,0,0,0,1,0,0,0,9.040130905,0.118110236,8.9,0,1.117808219
11/16/2013,1121,0,0,0,0,0,1,0,0,8.998960592,0,7.5,1,1.120547945
11/17/2013,966,0,0,0,0,0,0,1,0,8.958597098,0.208661417,9.45,0,1.123287671
11/18/2013,2112,1,0,0,0,0,0,0,0,8.91906344,1.031496063,11.1,0,1.126027397
11/19/2013,2309,0,1,0,0,0,0,0,0,8.880382709,0.039370079,8.85,0,1.128767123
11/20/2013,2834,0,0,1,0,0,0,0,0,8.842578042,0,4.75,1,1.131506849
11/21/2013,2505,0,0,0,1,0,0,0,0,8.805672578,0,3.65,1,1.134246575
11/22/2013,2330,0,0,0,0,1,0,0,0,8.76968942,0,4.7,1,1.136986301
11/23/2013,1210,0,0,0,0,0,1,0,0,8.734651594,0,6.1,1,1.139726027
11/24/2013,1141,0,0,0,0,0,0,1,0,8.700582009,0,6.15,1,1.142465753
11/25/2013,2609,1,0,0,0,0,0,0,0,8.667503406,0,7.2,1,1.145205479
11/26/2013,2541,0,1,0,0,0,0,0,0,8.635438316,0,7.5,1,1.147945205
11/27/2013,2251,0,0,1,0,0,0,0,0,8.604409013,0,10,1,1.150684932
11/28/2013,582,0,0,0,1,0,0,0,1,8.574437463,0,7.5,1,1.153424658
11/29/2013,1004,0,0,0,0,1,0,0,0,8.545545278,0.019685039,7.2,0,1.156164384
11/30/2013,865,0,0,0,0,0,1,0,0,8.517753661,0.090551181,9.15,0,1.15890411
12/1/2013,681,0,0,0,0,0,0,1,0,8.491083358,0.118110236,10.55,0,1.161643836
12/2/2013,2283,1,0,0,0,0,0,0,0,8.465554607,0.181102362,4.75,0,1.164383562
12/3/2013,2211,0,1,0,0,0,0,0,0,8.441187085,0,2.25,1,1.167123288
12/4/2013,2078,0,0,1,0,0,0,0,0,8.417999858,0,1.15,1,1.169863014
12/5/2013,1938,0,0,0,1,0,0,0,0,8.396011329,0,-1.9,1,1.17260274
12/6/2013,1694,0,0,0,0,1,0,0,0,8.375239187,0,-1.6,1,1.175342466
12/7/2013,591,0,0,0,0,0,1,0,0,8.355700358,0,-3.55,1,1.178082192
12/8/2013,473,0,0,0,0,0,0,1,0,8.337410959,0,-2.2,1,1.180821918
12/9/2013,1793,1,0,0,0,0,0,0,0,8.320386246,0,-1.9,1,1.183561644
12/10/2013,1870,0,1,0,0,0,0,0,0,8.304640571,0,3.1,1,1.18630137
12/11/2013,2136,0,0,1,0,0,0,0,0,8.290187341,0,1.7,1,1.189041096
12/12/2013,1934,0,0,0,1,0,0,0,0,8.277038973,0.271653543,2.55,0,1.191780822
12/13/2013,1769,0,0,0,0,1,0,0,0,8.265206857,0.019685039,7.5,0,1.194520548
12/14/2013,884,0,0,0,0,0,1,0,0,8.254701319,0,7.75,1,1.197260274
12/15/2013,755,0,0,0,0,0,0,1,0,8.245531591,0.051181102,10,0,1.2
12/16/2013,2500,1,0,0,0,0,0,0,0,8.237705776,0.011811024,7.2,0,1.202739726
12/17/2013,2232,0,1,0,0,0,0,0,0,8.231230827,0,6.35,1,1.205479452
12/18/2013,2171,0,0,1,0,0,0,0,0,8.226112521,0.051181102,5,0,1.208219178
12/19/2013,2075,0,0,0,1,0,0,0,0,8.22235544,0,2.5,1,1.210958904
12/20/2013,739,0,0,0,0,1,0,0,0,8.219962956,0.220472441,4.45,0,1.21369863
12/21/2013,520,0,0,0,0,0,1,0,0,8.218937221,0.220472441,7.25,0,1.216438356
12/22/2013,400,0,0,0,0,0,0,1,0,8.219279158,0.421259843,9.45,0,1.219178082
12/23/2013,1417,1,0,0,0,0,0,0,0,8.22098846,0.059055118,8.9,0,1.221917808
12/24/2013,1082,0,1,0,0,0,0,0,0,8.224063588,0,5.55,1,1.224657534
12/25/2013,371,0,0,1,0,0,0,0,1,8.228501779,0,4.2,1,1.22739726
12/26/2013,1190,0,0,0,1,0,0,0,0,8.234299055,0,3.65,1,1.230136986
12/27/2013,1066,0,0,0,0,1,0,0,0,8.241450233,0.011811024,4.45,0,1.232876712
12/28/2013,875,0,0,0,0,0,1,0,0,8.249948946,0,6.35,1,1.235616438
12/29/2013,684,0,0,0,0,0,0,1,0,8.259787663,0,4.45,1,1.238356164
12/30/2013,1722,1,0,0,0,0,0,0,0,8.270957713,0.011811024,6.65,0,1.24109589
12/31/2013,1419,0,1,0,0,0,0,0,0,8.283449313,0.019685039,6.65,0,1.243835616
1/1/2014,914,0,0,1,0,0,0,0,1,8.297251601,0,5.25,1,1.246575342
1/2/2014,1865,0,0,0,1,0,0,0,0,8.312352668,0.161417323,8.35,0,1.249315068
1/3/2014,2027,0,0,0,0,1,0,0,0,8.328739598,0.059055118,5.85,0,1.252054795
1/4/2014,1172,0,0,0,0,0,1,0,0,8.346398506,0,4.2,1,1.254794521
1/5/2014,1151,0,0,0,0,0,0,1,0,8.365314581,0,3.9,1,1.257534247
1/6/2014,2304,1,0,0,0,0,0,0,0,8.385472133,0.011811024,3.65,0,1.260273973
1/7/2014,2082,0,1,0,0,0,0,0,0,8.406854633,0.480314961,6.65,0,1.263013699
1/8/2014,1948,0,0,1,0,0,0,0,0,8.429444768,0.381889764,8.6,0,1.265753425
1/9/2014,2120,0,0,0,1,0,0,0,0,8.453224485,0.228346457,7.5,0,1.268493151
1/10/2014,1780,0,0,0,0,1,0,0,0,8.478175044,0.169291339,10.55,0,1.271232877
1/11/2014,423,0,0,0,0,0,1,0,0,8.504277067,0.838582677,10.8,0,1.273972603
1/12/2014,655,0,0,0,0,0,0,1,0,8.53151059,0.059055118,8.35,0,1.276712329
1/13/2014,2530,1,0,0,0,0,0,0,0,8.559855115,0,10.3,1,1.279452055
1/14/2014,2808,0,1,0,0,0,0,0,0,8.589289659,0,9.15,1,1.282191781
1/15/2014,2772,0,0,1,0,0,0,0,0,8.61979281,0,8.35,1,1.284931507
1/16/2014,2641,0,0,0,1,0,0,0,0,8.651342773,0,5.55,1,1.287671233
1/17/2014,2310,0,0,0,0,1,0,0,0,8.683917421,0,4.2,1,1.290410959
1/18/2014,1135,0,0,0,0,0,1,0,0,8.717494346,0,5,1,1.293150685
1/19/2014,822,0,0,0,0,0,0,1,0,8.752050905,0,4.7,1,1.295890411
1/20/2014,1874,1,0,0,0,0,0,0,1,8.787564269,0,6.4,1,1.298630137
1/21/2014,2680,0,1,0,0,0,0,0,0,8.824011465,0,5.85,1,1.301369863
1/22/2014,2692,0,0,1,0,0,0,0,0,8.861369421,0.019685039,7.5,0,1.304109589
1/23/2014,2649,0,0,0,1,0,0,0,0,8.899615013,0,6.4,1,1.306849315
1/24/2014,2521,0,0,0,0,1,0,0,0,8.938725098,0,6.95,1,1.309589041
1/25/2014,1441,0,0,0,0,0,1,0,0,8.978676556,0,6.65,1,1.312328767
1/26/2014,1429,0,0,0,0,0,0,1,0,9.01944633,0,4.45,1,1.315068493
1/27/2014,2499,1,0,0,0,0,0,0,0,9.061011456,0,5.55,1,1.317808219
1/28/2014,2466,0,1,0,0,0,0,0,0,9.103349098,0.350393701,8.6,0,1.320547945
1/29/2014,1899,0,0,1,0,0,0,0,0,9.146436579,0.850393701,9.15,0,1.323287671
1/30/2014,2229,0,0,0,1,0,0,0,0,9.190251412,0,7.2,1,1.326027397
1/31/2014,2035,0,0,0,0,1,0,0,0,9.234771321,0.090551181,6.7,0,1.328767123
2/1/2014,1134,0,0,0,0,0,1,0,0,9.279974275,0.078740157,5.3,0,1.331506849
2/2/2014,1095,0,0,0,0,0,0,1,0,9.325838501,0,5,1,1.334246575
2/3/2014,2290,1,0,0,0,0,0,0,0,9.372342513,0,2.5,1,1.336986301
2/4/2014,2091,0,1,0,0,0,0,0,0,9.419465128,0,0.35,1,1.339726027
2/5/2014,2588,0,0,1,0,0,0,0,0,9.467185483,0,-3,1,1.342465753
2/6/2014,1562,0,0,0,1,0,0,0,0,9.515483049,0,-3.8,1,1.345205479
2/7/2014,1572,0,0,0,0,1,0,0,0,9.56433765,0,-0.8,1,1.347945205
2/8/2014,795,0,0,0,0,0,1,0,0,9.613729469,0.200787402,2.55,0,1.350684932
2/9/2014,221,0,0,0,0,0,0,1,0,9.663639061,0.019685039,1.95,0,1.353424658
2/10/2014,1428,1,0,0,0,0,0,0,0,9.71404736,0.720472441,6.1,0,1.356164384
2/11/2014,2024,0,1,0,0,0,0,0,0,9.764935689,0.669291339,8.9,0,1.35890411
2/12/2014,2139,0,0,1,0,0,0,0,0,9.816285764,0.181102362,9.7,0,1.361643836
2/13/2014,2389,0,0,0,1,0,0,0,0,9.868079695,0.070866142,10.3,0,1.364383562
2/14/2014,1786,0,0,0,0,1,0,0,0,9.920299994,0.37007874,8.9,0,1.367123288
2/15/2014,658,0,0,0,0,0,1,0,0,9.972929574,0.460629921,8.05,0,1.369863014
2/16/2014,485,0,0,0,0,0,0,1,0,10.02595175,1.039370079,6.65,0,1.37260274
2/17/2014,1028,1,0,0,0,0,0,0,1,10.07935023,0.570866142,6.35,0,1.375342466
2/18/2014,1525,0,1,0,0,0,0,0,0,10.13310913,0.598425197,6.95,0,1.378082192
2/19/2014,2167,0,0,1,0,0,0,0,0,10.18721297,0.039370079,6.1,0,1.380821918
2/20/2014,2214,0,0,0,1,0,0,0,0,10.24164663,0.118110236,7.8,0,1.383561644
2/21/2014,1889,0,0,0,0,1,0,0,0,10.2963954,0.11023622,5.3,0,1.38630137
2/22/2014,624,0,0,0,0,0,1,0,0,10.35144495,0.098425197,4.2,0,1.389041096
2/23/2014,691,0,0,0,0,0,0,1,0,10.40678133,0.24015748,5.55,0,1.391780822
2/24/2014,1557,1,0,0,0,0,0,0,0,10.46239093,0.511811024,5,0,1.394520548
2/25/2014,2563,0,1,0,0,0,0,0,0,10.51826052,0.011811024,8.05,0,1.397260274
2/26/2014,2960,0,0,1,0,0,0,0,0,10.57437721,0,9.75,1,1.4
2/27/2014,2721,0,0,0,1,0,0,0,0,10.63072847,0,8.6,1,1.402739726
2/28/2014,2829,0,0,0,0,1,0,0,0,10.68730208,0,9.4,1,1.405479452
3/1/2014,989,0,0,0,0,0,1,0,0,10.74408614,0.019685039,5.8,0,1.408219178
3/2/2014,431,0,0,0,0,0,0,1,0,10.80106908,0.751968504,6.95,0,1.410958904
3/3/2014,1720,1,0,0,0,0,0,0,0,10.85823959,0.421259843,11.65,0,1.41369863
3/4/2014,2053,0,1,0,0,0,0,0,0,10.9155867,0.649606299,10.85,0,1.416438356
3/5/2014,1874,0,0,1,0,0,0,0,0,10.97309966,1.838582677,13.1,0,1.419178082
3/6/2014,1801,0,0,0,1,0,0,0,0,11.03076803,0.118110236,11.65,0,1.421917808
3/7/2014,2560,0,0,0,0,1,0,0,0,11.08858158,0,12.25,1,1.424657534
3/8/2014,726,0,0,0,0,0,1,0,0,11.14653034,1.271653543,9.75,0,1.42739726
3/9/2014,1142,0,0,0,0,0,0,1,0,11.20460456,0.169291339,12.2,0,1.430136986
3/10/2014,2145,1,0,0,0,0,0,0,0,11.26279469,0.74015748,9.15,0,1.432876712
3/11/2014,3416,0,1,0,0,0,0,0,0,11.32109139,0,9.4,1,1.435616438
3/12/2014,3665,0,0,1,0,0,0,0,0,11.37948549,0,9.7,1,1.438356164
3/13/2014,3313,0,0,0,1,0,0,0,0,11.437968,0.019685039,9.45,0,1.44109589
3/14/2014,2216,0,0,0,0,1,0,0,0,11.49653007,0.271653543,11.35,0,1.443835616
3/15/2014,1177,0,0,0,0,0,1,0,0,11.55516301,0.318897638,10.55,0,1.446575342
3/16/2014,375,0,0,0,0,0,0,1,0,11.61385823,1.090551181,7.5,0,1.449315068
3/17/2014,2809,1,0,0,0,0,0,0,0,11.67260728,0.011811024,6.4,0,1.452054795
3/18/2014,2802,0,1,0,0,0,0,0,0,11.73140179,0,6.65,1,1.454794521
3/19/2014,2192,0,0,1,0,0,0,0,0,11.79023346,0.019685039,7.2,0,1.457534247
3/20/2014,2691,0,0,0,1,0,0,0,0,11.84909408,0,6.4,1,1.460273973
3/21/2014,2652,0,0,0,0,1,0,0,0,11.9079755,0,6.7,1,1.463013699
3/22/2014,1504,0,0,0,0,0,1,0,0,11.96686957,0,6.1,1,1.465753425
3/23/2014,1963,0,0,0,0,0,0,1,0,12.02576819,0,8.6,1,1.468493151
3/24/2014,3636,1,0,0,0,0,0,0,0,12.08466327,0,10.85,1,1.471232877
3/25/2014,2087,0,1,0,0,0,0,0,0,12.14354671,0.161417323,10.3,0,1.473972603
3/26/2014,2346,0,0,1,0,0,0,0,0,12.20241038,0.141732283,8.35,0,1.476712329
3/27/2014,2357,0,0,0,1,0,0,0,0,12.26124612,0.011811024,9.45,0,1.479452055
3/28/2014,1525,0,0,0,0,1,0,0,0,12.32004572,0.87007874,9.45,0,1.482191781
3/29/2014,571,0,0,0,0,0,1,0,0,12.37880091,0.551181102,9.45,0,1.484931507
3/30/2014,1320,0,0,0,0,0,0,1,0,12.43750332,0,8.05,1,1.487671233
3/31/2014,3436,1,0,0,0,0,0,0,0,12.49614451,0,8.9,1,1.490410959
4/1/2014,3791,0,1,0,0,0,0,0,0,12.55471591,0,10.55,1,1.493150685
4/2/2014,3672,0,0,1,0,0,0,0,0,12.61320885,0,10,1,1.495890411
4/3/2014,2623,0,0,0,1,0,0,0,0,12.67161449,0.098425197,9.7,0,1.498630137
4/4/2014,2817,0,0,0,0,1,0,0,0,12.72992386,0,9.45,1,1.501369863
4/5/2014,1044,0,0,0,0,0,1,0,0,12.78812782,0.181102362,9.75,0,1.504109589
4/6/2014,1543,0,0,0,0,0,0,1,0,12.84621705,0,11.1,1,1.506849315
4/7/2014,4319,1,0,0,0,0,0,0,0,12.90418202,0,15.25,1,1.509589041
4/8/2014,2806,0,1,0,0,0,0,0,0,12.96201301,0.181102362,11.95,0,1.512328767
4/9/2014,3828,0,0,1,0,0,0,0,0,13.01970008,0,10.55,1,1.515068493
4/10/2014,3940,0,0,0,1,0,0,0,0,13.07723304,0,10.85,1,1.517808219
4/11/2014,3435,0,0,0,0,1,0,0,0,13.13460145,0,11.1,1,1.520547945
4/12/2014,2185,0,0,0,0,0,1,0,0,13.19179464,0,11.95,1,1.523287671
4/13/2014,2647,0,0,0,0,0,0,1,0,13.24880163,0,13.1,1,1.526027397
4/14/2014,4006,1,0,0,0,0,0,0,0,13.30561118,0,12.8,1,1.528767123
4/15/2014,3206,0,1,0,0,0,0,0,0,13.36221174,0.019685039,11.1,0,1.531506849
4/16/2014,2133,0,0,1,0,0,0,0,0,13.41859145,0.429133858,10,0,1.534246575
4/17/2014,1750,0,0,0,1,0,0,0,0,13.47473815,0.728346457,9.45,0,1.536986301
4/18/2014,2930,0,0,0,0,1,0,0,0,13.53063932,0,10,1,1.539726027
4/19/2014,906,0,0,0,0,0,1,0,0,13.58628214,0.539370079,8.65,0,1.542465753
4/20/2014,1734,0,0,0,0,0,0,1,0,13.6416534,0,10.6,1,1.545205479
4/21/2014,3401,1,0,0,0,0,0,0,0,13.69673956,0.200787402,12.5,0,1.547945205
4/22/2014,2423,0,1,0,0,0,0,0,0,13.75152671,0.559055118,8.6,0,1.550684932
4/23/2014,2832,0,0,1,0,0,0,0,0,13.80600056,0.350393701,8.9,0,1.553424658
4/24/2014,2511,0,0,0,1,0,0,0,0,13.86014644,0.488188976,10,0,1.556164384
4/25/2014,3194,0,0,0,0,1,0,0,0,13.9139493,0,10,1,1.55890411
4/26/2014,2049,0,0,0,0,0,1,0,0,13.96739369,0.12992126,10.3,0,1.561643836
4/27/2014,1402,0,0,0,0,0,0,1,0,14.02046379,0.271653543,8.6,0,1.564383562
4/28/2014,3758,1,0,0,0,0,0,0,0,14.07314334,0,10.25,1,1.567123288
4/29/2014,4803,0,1,0,0,0,0,0,0,14.12541573,0,17.2,1,1.569863014
4/30/2014,5167,0,0,1,0,0,0,0,0,14.17726391,0,18.6,1,1.57260274
5/1/2014,5937,0,0,0,1,0,0,0,0,14.22867043,0,20.25,1,1.575342466
5/2/2014,4608,0,0,0,0,1,0,0,0,14.27961747,0,14.45,1,1.578082192
5/3/2014,1157,0,0,0,0,0,1,0,0,14.33008679,1.311023622,11.95,0,1.580821918
5/4/2014,620,0,0,0,0,0,0,1,0,14.38005975,0.62992126,11.65,0,1.583561644
5/5/2014,3301,1,0,0,0,0,0,0,0,14.42951735,0.200787402,12.5,0,1.58630137
5/6/2014,4636,0,1,0,0,0,0,0,0,14.47844018,0,12.5,1,1.589041096
5/7/2014,5455,0,0,1,0,0,0,0,0,14.52680847,0,12.75,1,1.591780822
5/8/2014,3230,0,0,0,1,0,0,0,0,14.57460209,0.539370079,11.65,0,1.594520548
5/9/2014,3036,0,0,0,0,1,0,0,0,14.62180056,0.078740157,10.25,0,1.597260274
5/10/2014,1725,0,0,0,0,0,1,0,0,14.66838305,0.019685039,11.4,0,1.6
5/11/2014,2376,0,0,0,0,0,0,1,0,14.71432842,0,13.6,1,1.602739726
5/12/2014,5432,1,0,0,0,0,0,0,0,14.75961521,0,16.9,1,1.605479452
5/13/2014,6088,0,1,0,0,0,0,0,0,14.8042217,0,19.75,1,1.608219178
5/14/2014,5887,0,0,1,0,0,0,0,0,14.84812588,0,20.55,1,1.610958904
5/15/2014,5300,0,0,0,1,0,0,0,0,14.89130551,0,19.75,1,1.61369863
5/16/2014,5742,0,0,0,0,1,0,0,0,14.93373812,0,15.85,1,1.616438356
5/17/2014,2041,0,0,0,0,0,1,0,0,14.97540106,0,15.85,1,1.619178082
5/18/2014,1937,0,0,0,0,0,0,1,0,15.0162715,0,15.3,1,1.621917808
5/19/2014,4702,1,0,0,0,0,0,0,0,15.05632651,0,15.55,1,1.624657534
5/20/2014,5678,0,1,0,0,0,0,0,0,15.09554303,0,16.1,1,1.62739726
5/21/2014,5229,0,0,1,0,0,0,0,0,15.13389795,0,15.3,1,1.630136986
5/22/2014,4910,0,0,0,1,0,0,0,0,15.17136812,0,18.05,1,1.632876712
5/23/2014,2556,0,0,0,0,1,0,0,0,15.20793043,0.149606299,16.4,0,1.635616438
5/24/2014,2155,0,0,0,0,0,1,0,0,15.24356178,0,14.7,1,1.638356164
5/25/2014,1234,0,0,0,0,0,0,1,0,15.27823919,0.220472441,12.8,0,1.64109589
5/26/2014,2289,1,0,0,0,0,0,0,1,15.31193981,0,14.7,1,1.643835616
5/27/2014,5032,0,1,0,0,0,0,0,0,15.34464098,0,15,1,1.646575342
5/28/2014,4008,0,0,1,0,0,0,0,0,15.37632024,0,14.45,1,1.649315068
5/29/2014,4587,0,0,0,1,0,0,0,0,15.40695544,0,15,1,1.652054795
5/30/2014,4869,0,0,0,0,1,0,0,0,15.43652474,0,14.75,1,1.654794521
5/31/2014,2887,0,0,0,0,0,1,0,0,15.46500668,0,16.65,1,1.657534247
6/1/2014,2601,0,0,0,0,0,0,1,0,15.49238021,0,16.4,1,1.660273973
6/2/2014,4914,1,0,0,0,0,0,0,0,15.51862477,0,17.2,1,1.663013699
6/3/2014,4670,0,1,0,0,0,0,0,0,15.54372033,0,14.7,1,1.665753425
6/4/2014,4863,0,0,1,0,0,0,0,0,15.56764744,0,14.7,1,1.668493151
6/5/2014,4675,0,0,0,1,0,0,0,0,15.59038728,0,16.1,1,1.671232877
6/6/2014,4382,0,0,0,0,1,0,0,0,15.6119217,0,17.8,1,1.673972603
6/7/2014,2807,0,0,0,0,0,1,0,0,15.63223329,0,18.85,1,1.676712329
6/8/2014,3547,0,0,0,0,0,0,1,0,15.65130542,0,17.75,1,1.679452055
6/9/2014,4128,1,0,0,0,0,0,0,0,15.6691223,0,17.2,1,1.682191781
6/10/2014,4530,0,1,0,0,0,0,0,0,15.68566901,0,16.1,1,1.684931507
6/11/2014,5196,0,0,1,0,0,0,0,0,15.70093154,0,17.5,1,1.687671233
6/12/2014,4077,0,0,0,1,0,0,0,0,15.71489684,0.070866142,16.95,0,1.690410959
6/13/2014,2266,0,0,0,0,1,0,0,0,15.7275529,0.251968504,13.35,0,1.693150685
6/14/2014,1773,0,0,0,0,0,1,0,0,15.7388887,0,14.75,1,1.695890411
6/15/2014,1267,0,0,0,0,0,0,1,0,15.74889433,0.019685039,14.15,0,1.698630137
6/16/2014,3361,1,0,0,0,0,0,0,0,15.75756098,0.141732283,13.35,0,1.701369863
6/17/2014,4107,0,1,0,0,0,0,0,0,15.76488097,0.051181102,13.9,0,1.704109589
6/18/2014,4650,0,0,1,0,0,0,0,0,15.77084779,0,15,1,1.706849315
6/19/2014,4412,0,0,0,1,0,0,0,0,15.77545611,0.031496063,18.65,0,1.709589041
6/20/2014,3790,0,0,0,0,1,0,0,0,15.7787018,0.011811024,15,0,1.712328767
6/21/2014,3204,0,0,0,0,0,1,0,0,15.78058194,0,16.4,1,1.715068493
6/22/2014,2714,0,0,0,0,0,0,1,0,15.78109484,0,18.05,1,1.717808219
6/23/2014,4477,1,0,0,0,0,0,0,0,15.78024004,0,19.15,1,1.720547945
6/24/2014,4342,0,1,0,0,0,0,0,0,15.7780183,0,19.4,1,1.723287671
6/25/2014,4532,0,0,1,0,0,0,0,0,15.77443164,0,20,1,1.726027397
6/26/2014,3857,0,0,0,1,0,0,0,0,15.76948326,0,17.75,1,1.728767123
6/27/2014,2871,0,0,0,0,1,0,0,0,15.7631776,0.070866142,17.5,0,1.731506849
6/28/2014,1780,0,0,0,0,0,1,0,0,15.75552028,0.090551181,16.65,0,1.734246575
6/29/2014,2312,0,0,0,0,0,0,1,0,15.74651813,0,16.7,1,1.736986301
6/30/2014,4802,1,0,0,0,0,0,0,0,15.73617908,0,19.2,1,1.739726027
7/1/2014,5147,0,1,0,0,0,0,0,0,15.72451225,0,25,1,1.742465753
7/2/2014,4742,0,0,1,0,0,0,0,0,15.71152781,0,20.8,1,1.745205479
7/3/2014,3759,0,0,0,1,0,0,0,0,15.69723703,0,17.8,1,1.747945205
7/4/2014,3284,0,0,0,0,1,0,0,1,15.6816522,0,18.9,1,1.750684932
7/5/2014,1976,0,0,0,0,0,1,0,0,15.6647866,0,18.85,1,1.753424658
7/6/2014,2882,0,0,0,0,0,0,1,0,15.64665447,0,21.95,1,1.756164384
7/7/2014,4456,1,0,0,0,0,0,0,0,15.62727095,0,22.5,1,1.75890411
7/8/2014,5215,0,1,0,0,0,0,0,0,15.60665206,0,22.8,1,1.761643836
7/9/2014,5135,0,0,1,0,0,0,0,0,15.58481463,0,20.3,1,1.764383562
7/10/2014,4800,0,0,0,1,0,0,0,0,15.56177625,0,20.85,1,1.767123288
7/11/2014,4168,0,0,0,0,1,0,0,0,15.53755524,0,23.05,1,1.769863014
7/12/2014,2480,0,0,0,0,0,1,0,0,15.51217057,0,24.45,1,1.77260274
7/13/2014,2298,0,0,0,0,0,0,1,0,15.48564187,0,22.2,1,1.775342466
7/14/2014,4411,1,0,0,0,0,0,0,0,15.45798929,0,21.4,1,1.778082192
7/15/2014,4941,0,1,0,0,0,0,0,0,15.42923353,0,22.5,1,1.780821918
7/16/2014,5009,0,0,1,0,0,0,0,0,15.39939572,0,22.75,1,1.783561644
7/17/2014,4535,0,0,0,1,0,0,0,0,15.36849745,0,20.3,1,1.78630137
7/18/2014,4135,0,0,0,0,1,0,0,0,15.33656062,0,17.8,1,1.789041096
7/19/2014,2120,0,0,0,0,0,1,0,0,15.30360748,0,20.3,1,1.791780822
7/20/2014,1535,0,0,0,0,0,0,1,0,15.26966052,0,16.9,1,1.794520548
7/21/2014,4525,1,0,0,0,0,0,0,0,15.23474248,0,18.6,1,1.797260274
7/22/2014,4778,0,1,0,0,0,0,0,0,15.19887623,0.011811024,17.2,0,1.8
7/23/2014,1989,0,0,1,0,0,0,0,0,15.16208479,0.75984252,16.1,0,1.802739726
7/24/2014,3002,0,0,0,1,0,0,0,0,15.12439126,0,16.7,1,1.805479452
7/25/2014,4072,0,0,0,0,1,0,0,0,15.08581877,0,17.5,1,1.808219178
7/26/2014,2710,0,0,0,0,0,1,0,0,15.04639046,0,19.7,1,1.810958904
7/27/2014,2627,0,0,0,0,0,0,1,0,15.00612944,0,21.65,1,1.81369863
7/28/2014,4796,1,0,0,0,0,0,0,0,14.96505872,0,22.8,1,1.816438356
7/29/2014,5248,0,1,0,0,0,0,0,0,14.92320124,0,22.8,1,1.819178082
7/30/2014,5059,0,0,1,0,0,0,0,0,14.88057976,0,21.9,1,1.821917808
7/31/2014,4835,0,0,0,1,0,0,0,0,14.83721689,0,24.2,1,1.824657534
8/1/2014,4106,0,0,0,0,1,0,0,0,14.79313506,0,21.95,1,1.82739726
8/2/2014,2110,0,0,0,0,0,1,0,0,14.74835644,0.019685039,22.5,0,1.830136986
8/3/2014,2517,0,0,0,0,0,0,1,0,14.70290297,0,23.05,1,1.832876712
8/4/2014,4690,1,0,0,0,0,0,0,0,14.65679633,0,24.45,1,1.835616438
8/5/2014,4819,0,1,0,0,0,0,0,0,14.61005787,0,19.45,1,1.838356164
8/6/2014,4778,0,0,1,0,0,0,0,0,14.56270868,0,20.55,1,1.84109589
8/7/2014,4553,0,0,0,1,0,0,0,0,14.51476948,0,19.45,1,1.843835616
8/8/2014,3956,0,0,0,0,1,0,0,0,14.46626068,0,19.45,1,1.846575342
8/9/2014,2429,0,0,0,0,0,1,0,0,14.41720232,0,21.4,1,1.849315068
8/10/2014,2550,0,0,0,0,0,0,1,0,14.36761408,0,22.25,1,1.852054795
8/11/2014,4325,1,0,0,0,0,0,0,0,14.31751526,0.019685039,26.7,0,1.854794521
8/12/2014,3767,0,1,0,0,0,0,0,0,14.26692478,0.5,22.2,0,1.857534247
8/13/2014,3286,0,0,1,0,0,0,0,0,14.21586117,0.850393701,19.15,0,1.860273973
8/14/2014,4029,0,0,0,1,0,0,0,0,14.16434258,0,19.15,1,1.863013699
8/15/2014,3122,0,0,0,0,1,0,0,0,14.11238673,0.039370079,20.55,0,1.865753425
8/16/2014,2384,0,0,0,0,0,1,0,0,14.06001097,0,20.6,1,1.868493151
8/17/2014,2446,0,0,0,0,0,0,1,0,14.00723223,0,21.4,1,1.871232877
8/18/2014,4636,1,0,0,0,0,0,0,0,13.95406706,0,22.5,1,1.873972603
8/19/2014,4934,0,1,0,0,0,0,0,0,13.90053158,0,21.4,1,1.876712329
8/20/2014,4189,0,0,1,0,0,0,0,0,13.84664153,0,17.8,1,1.879452055
8/21/2014,4324,0,0,0,1,0,0,0,0,13.79241226,0,16.1,1,1.882191781
8/22/2014,3835,0,0,0,0,1,0,0,0,13.73785873,0,18.6,1,1.884931507
8/23/2014,2430,0,0,0,0,0,1,0,0,13.68299551,0,20.85,1,1.887671233
8/24/2014,2419,0,0,0,0,0,0,1,0,13.62783678,0,19.15,1,1.890410959
8/25/2014,4983,1,0,0,0,0,0,0,0,13.57239637,0,21.65,1,1.893150685
8/26/2014,5551,0,1,0,0,0,0,0,0,13.51668774,0,23.35,1,1.895890411
8/27/2014,5046,0,0,1,0,0,0,0,0,13.460724,0,22.5,1,1.898630137
8/28/2014,4409,0,0,0,1,0,0,0,0,13.40451789,0,18.85,1,1.901369863
8/29/2014,3188,0,0,0,0,1,0,0,0,13.34808183,0,18.9,1,1.904109589
8/30/2014,859,0,0,0,0,0,1,0,0,13.29142793,0.330708661,16.4,0,1.906849315
8/31/2014,1820,0,0,0,0,0,0,1,0,13.23456795,0.051181102,17.5,0,1.909589041
9/1/2014,2356,1,0,0,0,0,0,0,1,13.17751337,0,18.05,1,1.912328767
9/2/2014,3493,0,1,0,0,0,0,0,0,13.12027535,0.118110236,16.95,0,1.915068493
9/3/2014,4121,0,0,1,0,0,0,0,0,13.06286481,0,16.7,1,1.917808219
9/4/2014,4940,0,0,0,1,0,0,0,0,13.00529236,0,17.5,1,1.920547945
9/5/2014,4187,0,0,0,0,1,0,0,0,12.94756836,0,20.85,1,1.923287671
9/6/2014,2400,0,0,0,0,0,1,0,0,12.88970295,0,23.6,1,1.926027397
9/7/2014,2214,0,0,0,0,0,0,1,0,12.83170601,0,20.8,1,1.928767123
9/8/2014,3809,1,0,0,0,0,0,0,0,12.77358722,0,17.2,1,1.931506849
9/9/2014,3988,0,1,0,0,0,0,0,0,12.71535604,0,17.5,1,1.934246575
9/10/2014,4015,0,0,1,0,0,0,0,0,12.65702175,0,17.2,1,1.936986301
9/11/2014,4042,0,0,0,1,0,0,0,0,12.59859345,0,18.6,1,1.939726027
9/12/2014,3903,0,0,0,0,1,0,0,0,12.54008008,0,18.6,1,1.942465753
9/13/2014,2367,0,0,0,0,0,1,0,0,12.48149042,0,19.15,1,1.945205479
9/14/2014,2181,0,0,0,0,0,0,1,0,12.42283312,0,20.85,1,1.947945205
9/15/2014,4450,1,0,0,0,0,0,0,0,12.36411673,0,21.4,1,1.950684932
9/16/2014,4338,0,1,0,0,0,0,0,0,12.30534966,0,18.05,1,1.953424658
9/17/2014,3725,0,0,1,0,0,0,0,0,12.24654025,0.019685039,18.6,0,1.956164384
9/18/2014,3272,0,0,0,1,0,0,0,0,12.18769676,0.011811024,17.2,0,1.95890411
9/19/2014,3734,0,0,0,0,1,0,0,0,12.12882739,0,20,1,1.961643836
9/20/2014,2225,0,0,0,0,0,1,0,0,12.06994028,0,19.4,1,1.964383562
9/21/2014,2217,0,0,0,0,0,0,1,0,12.01104355,0,19.45,1,1.967123288
9/22/2014,3786,1,0,0,0,0,0,0,0,11.9521453,0.011811024,18.6,0,1.969863014
9/23/2014,3416,0,1,0,0,0,0,0,0,11.89325364,0.720472441,16.65,0,1.97260274
9/24/2014,2166,0,0,1,0,0,0,0,0,11.83437666,0.799212598,16.65,0,1.975342466
9/25/2014,2962,0,0,0,1,0,0,0,0,11.77552251,0.169291339,18.05,0,1.978082192
9/26/2014,2511,0,0,0,0,1,0,0,0,11.71669935,0.350393701,16.95,0,1.980821918
9/27/2014,2325,0,0,0,0,0,1,0,0,11.65791543,0,16.15,1,1.983561644
9/28/2014,1818,0,0,0,0,0,0,1,0,11.59917905,0,15.55,1,1.98630137
9/29/2014,3035,1,0,0,0,0,0,0,0,11.5404986,0.031496063,13.9,0,1.989041096
9/30/2014,3562,0,1,0,0,0,0,0,0,11.48188257,0,15.8,1,1.991780822
10/1/2014,3837,0,0,1,0,0,0,0,0,11.42333957,0,14.7,1,1.994520548
10/2/2014,3896,0,0,0,1,0,0,0,0,11.36487833,0,14.7,1,1.997260274
10/3/2014,3709,0,0,0,0,1,0,0,0,11.30650773,0,15.55,1,2
10/4/2014,1940,0,0,0,0,0,1,0,0,11.24823681,0,16.95,1,2.002739726
10/5/2014,2162,0,0,0,0,0,0,1,0,11.19007477,0,17.8,1,2.005479452
10/6/2014,4074,1,0,0,0,0,0,0,0,11.13203101,0,19.45,1,2.008219178
10/7/2014,3864,0,1,0,0,0,0,0,0,11.07411513,0,16.4,1,2.010958904
10/8/2014,3780,0,0,1,0,0,0,0,0,11.01633693,0,16.7,1,2.01369863
10/9/2014,3663,0,0,0,1,0,0,0,0,10.95870645,0,14.15,1,2.016438356
10/10/2014,2957,0,0,0,0,1,0,0,0,10.90123396,0.011811024,14.15,0,2.019178082
10/11/2014,1131,0,0,0,0,0,1,0,0,10.84392998,0.291338583,15,0,2.021917808
10/12/2014,1559,0,0,0,0,0,0,1,0,10.78680532,0,14.75,1,2.024657534
10/13/2014,3355,1,0,0,0,0,0,0,1,10.72987104,0.299212598,15.55,0,2.02739726
10/14/2014,3197,0,1,0,0,0,0,0,0,10.67313849,0.279527559,14.2,0,2.030136986
10/15/2014,2555,0,0,1,0,0,0,0,0,10.61661934,0.338582677,13.9,0,2.032876712
10/16/2014,3629,0,0,0,1,0,0,0,0,10.56032557,0,15.85,1,2.035616438
10/17/2014,2209,0,0,0,0,1,0,0,0,10.50426946,0.12992126,14.2,0,2.038356164
10/18/2014,1378,0,0,0,0,0,1,0,0,10.44846364,0.590551181,16.65,0,2.04109589
10/19/2014,2248,0,0,0,0,0,0,1,0,10.39292109,0,17.5,1,2.043835616
10/20/2014,2858,1,0,0,0,0,0,0,0,10.33765514,0.460629921,14.15,0,2.046575342
10/21/2014,2964,0,1,0,0,0,0,0,0,10.28267946,0.039370079,13.9,0,2.049315068
10/22/2014,2087,0,0,1,0,0,0,0,0,10.2280081,1.25984252,13.65,0,2.052054795
10/23/2014,2381,0,0,0,1,0,0,0,0,10.1736555,0.37007874,11.35,0,2.054794521
10/24/2014,2778,0,0,0,0,1,0,0,0,10.11963647,0.161417323,11.65,0,2.057534247
10/25/2014,740,0,0,0,0,0,1,0,0,10.06596621,0.24015748,12.5,0,2.060273973
10/26/2014,916,0,0,0,0,0,0,1,0,10.0126603,0.059055118,10.3,0,2.063013699
10/27/2014,3330,1,0,0,0,0,0,0,0,9.959734728,0.031496063,11.15,0,2.065753425
10/28/2014,2261,0,1,0,0,0,0,0,0,9.907205889,0.5,12.2,0,2.068493151
10/29/2014,3396,0,0,1,0,0,0,0,0,9.855090564,0.019685039,14.2,0,2.071232877
10/30/2014,2392,0,0,0,1,0,0,0,0,9.803405942,1,13.35,0,2.073972603
10/31/2014,1938,0,0,0,0,1,0,0,0,9.752169611,0.669291339,10.55,0,2.076712329
11/1/2014,1294,0,0,0,0,0,1,0,0,9.701399559,0,9.15,1,2.079452055
11/2/2014,1072,0,0,0,0,0,0,1,0,9.651114171,0.070866142,10.25,0,2.082191781
11/3/2014,2503,1,0,0,0,0,0,0,0,9.60133222,0.429133858,12.5,0,2.084931507
11/4/2014,2790,0,1,0,0,0,0,0,0,9.552072868,0.161417323,12.5,0,2.087671233
11/5/2014,2772,0,0,1,0,0,0,0,0,9.503355653,0.188976378,12.8,0,2.090410959
11/6/2014,2248,0,0,0,1,0,0,0,0,9.455200484,0.161417323,13.65,0,2.093150685
11/7/2014,3078,0,0,0,0,1,0,0,0,9.407627627,0,10.8,1,2.095890411
11/8/2014,1854,0,0,0,0,0,1,0,0,9.360657694,0,8.35,1,2.098630137
11/9/2014,752,0,0,0,0,0,0,1,0,9.31431163,0.200787402,10.55,0,2.101369863
11/10/2014,3254,1,0,0,0,0,0,0,0,9.268610696,0,8.35,1,2.104109589
11/11/2014,2791,0,1,0,0,0,0,0,1,9.223576452,0,4.45,1,2.106849315
11/12/2014,2742,0,0,1,0,0,0,0,0,9.179230736,0,3.35,1,2.109589041
11/13/2014,2616,0,0,0,1,0,0,0,0,9.135595645,0,3.9,1,2.112328767
11/14/2014,2177,0,0,0,0,1,0,0,0,9.092693507,0,2.55,1,2.115068493
11/15/2014,1083,0,0,0,0,0,1,0,0,9.050546862,0,3.35,1,2.117808219
11/16/2014,1004,0,0,0,0,0,0,1,0,9.009178427,0,3.65,1,2.120547945
11/17/2014,2698,1,0,0,0,0,0,0,0,8.968611075,0,4.25,1,2.123287671
11/18/2014,2833,0,1,0,0,0,0,0,0,8.928867795,0,3.35,1,2.126027397
11/19/2014,2835,0,0,1,0,0,0,0,0,8.889971665,0,6.65,1,2.128767123
11/20/2014,2725,0,0,0,1,0,0,0,0,8.851945812,0.141732283,8.35,0,2.131506849
11/21/2014,1758,0,0,0,0,1,0,0,0,8.814813379,0.598425197,9.7,0,2.134246575
11/22/2014,1054,0,0,0,0,0,1,0,0,8.778597482,0.019685039,8.05,0,2.136986301
11/23/2014,787,0,0,0,0,0,0,1,0,8.743321171,0.468503937,9.2,0,2.139726027
11/24/2014,2418,1,0,0,0,0,0,0,0,8.709007386,0.051181102,8.05,0,2.142465753
11/25/2014,1951,0,1,0,0,0,0,0,0,8.675678916,0.720472441,11.65,0,2.145205479
11/26/2014,2239,0,0,1,0,0,0,0,0,8.643358348,0.011811024,13.6,0,2.147945205
11/27/2014,500,0,0,0,1,0,0,0,1,8.612068027,0.12992126,13.05,0,2.150684932
11/28/2014,324,0,0,0,0,1,0,0,0,8.581829998,1.350393701,8.05,0,2.153424658
11/29/2014,345,0,0,0,0,0,1,0,0,8.552665967,0.141732283,0.05,0,2.156164384
11/30/2014,493,0,0,0,0,0,0,1,0,8.524597244,0,-1.05,1,2.15890411
12/1/2014,1809,1,0,0,0,0,0,0,0,8.497644694,0,0.6,1,2.161643836
12/2/2014,2139,0,1,0,0,0,0,0,0,8.471828688,0,1.2,1,2.164383562
12/3/2014,2294,0,0,1,0,0,0,0,0,8.447169046,0,5,1,2.167123288
12/4/2014,2096,0,0,0,1,0,0,0,0,8.423684994,0.031496063,6.1,0,2.169863014
12/5/2014,1928,0,0,0,0,1,0,0,0,8.401395103,0.118110236,9.75,0,2.17260274
12/6/2014,902,0,0,0,0,0,1,0,0,8.380317247,0.291338583,9.75,0,2.175342466
12/7/2014,1194,0,0,0,0,0,0,1,0,8.360468547,0,10.25,1,2.178082192
12/8/2014,2389,1,0,0,0,0,0,0,0,8.341865325,0.358267717,11.65,0,2.180821918
12/9/2014,2119,0,1,0,0,0,0,0,0,8.324523059,0.38976378,13.35,0,2.183561644
12/10/2014,1957,0,0,1,0,0,0,0,0,8.30845633,0.511811024,14.45,0,2.18630137
12/11/2014,1621,0,0,0,1,0,0,0,0,8.293678786,0.271653543,11.35,0,2.189041096
12/12/2014,2301,0,0,0,0,1,0,0,0,8.280203094,0,9.15,1,2.191780822
12/13/2014,1203,0,0,0,0,0,1,0,0,8.268040904,0,6.95,1,2.194520548
12/14/2014,1232,0,0,0,0,0,0,1,0,8.257202813,0,7.25,1,2.197260274
12/15/2014,2283,1,0,0,0,0,0,0,0,8.247698328,0,9.45,1,2.2
12/16/2014,2424,0,1,0,0,0,0,0,0,8.239535838,0,9.15,1,2.202739726
12/17/2014,1979,0,0,1,0,0,0,0,0,8.232722585,0.11023622,7.5,0,2.205479452
12/18/2014,1941,0,0,0,1,0,0,0,0,8.227264641,0.511811024,8.05,0,2.208219178
12/19/2014,1870,0,0,0,0,1,0,0,0,8.22316689,0.118110236,9.15,0,2.210958904
12/20/2014,404,0,0,0,0,0,1,0,0,8.220433007,0.771653543,9.75,0,2.21369863
12/21/2014,844,0,0,0,0,0,0,1,0,8.21906545,0,11.4,1,2.216438356
12/22/2014,2256,1,0,0,0,0,0,0,0,8.21906545,0,8.35,1,2.219178082
12/23/2014,1400,0,1,0,0,0,0,0,0,8.220433007,0.811023622,8.6,0,2.221917808
12/24/2014,813,0,0,1,0,0,0,0,0,8.22316689,0.208661417,5.55,0,2.224657534
12/25/2014,451,0,0,0,1,0,0,0,1,8.227264641,0,5.3,1,2.22739726
12/26/2014,999,0,0,0,0,1,0,0,0,8.232722585,0,3.65,1,2.230136986
12/27/2014,543,0,0,0,0,0,1,0,0,8.239535838,0.12992126,6.9,0,2.232876712
12/28/2014,644,0,0,0,0,0,0,1,0,8.247698328,0.161417323,4.75,0,2.235616438
12/29/2014,1641,1,0,0,0,0,0,0,0,8.257202813,0,3.35,1,2.238356164
12/30/2014,1500,0,1,0,0,0,0,0,0,8.268040904,0,0.6,1,2.24109589
12/31/2014,1331,0,0,1,0,0,0,0,0,8.280203094,0,0.3,1,2.243835616
1/1/2015,711,0,0,0,1,0,0,0,1,8.293678786,0,1.2,1,2.246575342
1/2/2015,1214,0,0,0,0,1,0,0,0,8.30845633,0.059055118,2.8,0,2.249315068
1/3/2015,817,0,0,0,0,0,1,0,0,8.324523059,0,3.35,1,2.252054795
1/4/2015,339,0,0,0,0,0,0,1,0,8.341865325,0.401574803,6.95,0,2.254794521
1/5/2015,1823,1,0,0,0,0,0,0,0,8.360468547,0.318897638,10.8,0,2.257534247
1/6/2015,2725,0,1,0,0,0,0,0,0,8.380317247,0,9.15,1,2.260273973
1/7/2015,2825,0,0,1,0,0,0,0,0,8.401395103,0,6.7,1,2.263013699
1/8/2015,2610,0,0,0,1,0,0,0,0,8.423684994,0,4.75,1,2.265753425
1/9/2015,2490,0,0,0,0,1,0,0,0,8.447169046,0.011811024,6.65,0,2.268493151
1/10/2015,771,0,0,0,0,0,1,0,0,8.471828688,0.228346457,6.95,0,2.271232877
1/11/2015,810,0,0,0,0,0,0,1,0,8.497644694,0.059055118,8.3,0,2.273972603
1/12/2015,2670,1,0,0,0,0,0,0,0,8.524597244,0,7.75,1,2.276712329
1/13/2015,2766,0,1,0,0,0,0,0,0,8.552665967,0,6.1,1,2.279452055
1/14/2015,2623,0,0,1,0,0,0,0,0,8.581829998,0,3.35,1,2.282191781
1/15/2015,1898,0,0,0,1,0,0,0,0,8.612068027,0.381889764,4.45,0,2.284931507
1/16/2015,2142,0,0,0,0,1,0,0,0,8.643358348,0,8.65,1,2.287671233
1/17/2015,592,0,0,0,0,0,1,0,0,8.675678916,1.031496063,8.3,0,2.290410959
1/18/2015,471,0,0,0,0,0,0,1,0,8.709007386,0.838582677,10.55,0,2.293150685
1/19/2015,1982,1,0,0,0,0,0,0,1,8.743321171,0.019685039,8.05,0,2.295890411
1/20/2015,2927,0,1,0,0,0,0,0,0,8.778597482,0,6.65,1,2.298630137
1/21/2015,2552,0,0,1,0,0,0,0,0,8.814813379,0,3.35,1,2.301369863
1/22/2015,2183,0,0,0,1,0,0,0,0,8.851945812,0.031496063,7.75,0,2.304109589
1/23/2015,1777,0,0,0,0,1,0,0,0,8.889971665,0.228346457,10.25,0,2.306849315
1/24/2015,1163,0,0,0,0,0,1,0,0,8.928867795,0.019685039,12.75,0,2.309589041
1/25/2015,2155,0,0,0,0,0,0,1,0,8.968611075,0,12.2,1,2.312328767
1/26/2015,3159,1,0,0,0,0,0,0,0,9.009178427,0,11.1,1,2.315068493
1/27/2015,2563,0,1,0,0,0,0,0,0,9.050546862,0.031496063,9.7,0,2.317808219
1/28/2015,2963,0,0,1,0,0,0,0,0,9.092693507,0,8.6,1,2.320547945
1/29/2015,3061,0,0,0,1,0,0,0,0,9.135595645,0,7.75,1,2.323287671
1/30/2015,2612,0,0,0,0,1,0,0,0,9.179230736,0,4.7,1,2.326027397
1/31/2015,1236,0,0,0,0,0,1,0,0,9.223576452,0,5.25,1,2.328767123
2/1/2015,708,0,0,0,0,0,0,1,0,9.268610696,0.059055118,6.9,0,2.331506849
2/2/2015,1904,1,0,0,0,0,0,0,0,9.31431163,0.291338583,8.05,0,2.334246575
2/3/2015,2334,0,1,0,0,0,0,0,0,9.360657694,0.051181102,7.8,0,2.336986301
2/4/2015,2251,0,0,1,0,0,0,0,0,9.407627627,0.330708661,7.5,0,2.339726027
2/5/2015,1694,0,0,0,1,0,0,0,0,9.455200484,1.031496063,10.8,0,2.342465753
2/6/2015,1611,0,0,0,0,1,0,0,0,9.503355653,0.681102362,12.2,0,2.345205479
2/7/2015,629,0,0,0,0,0,1,0,0,9.552072868,0.929133858,10.8,0,2.347945205
2/8/2015,1522,0,0,0,0,0,0,1,0,9.60133222,0.141732283,11.65,0,2.350684932
2/9/2015,2104,1,0,0,0,0,0,0,0,9.651114171,0.24015748,10.8,0,2.353424658
2/10/2015,2516,0,1,0,0,0,0,0,0,9.701399559,0.011811024,10.55,0,2.356164384
2/11/2015,2808,0,0,1,0,0,0,0,0,9.752169611,0,9.2,1,2.35890411
2/12/2015,2697,0,0,0,1,0,0,0,0,9.803405942,0.039370079,13.05,0,2.361643836
2/13/2015,2459,0,0,0,0,1,0,0,0,9.855090564,0,11.15,1,2.364383562
2/14/2015,1465,0,0,0,0,0,1,0,0,9.907205889,0.011811024,10.55,0,2.367123288
2/15/2015,1836,0,0,0,0,0,0,1,0,9.959734728,0,8.05,1,2.369863014
2/16/2015,2211,1,0,0,0,0,0,0,1,10.0126603,0,10.3,1,2.37260274
2/17/2015,2919,0,1,0,0,0,0,0,0,10.06596621,0,10.25,1,2.375342466
2/18/2015,2927,0,0,1,0,0,0,0,0,10.11963647,0,8.3,1,2.378082192
2/19/2015,2221,0,0,0,1,0,0,0,0,10.1736555,0.181102362,9.45,0,2.380821918
2/20/2015,2017,0,0,0,0,1,0,0,0,10.2280081,0.031496063,9.15,0,2.383561644
2/21/2015,1651,0,0,0,0,0,1,0,0,10.28267946,0,8.9,1,2.38630137
2/22/2015,1820,0,0,0,0,0,0,1,0,10.33765514,0,7.5,1,2.389041096
2/23/2015,2881,1,0,0,0,0,0,0,0,10.39292109,0,6.7,1,2.391780822
2/24/2015,3066,0,1,0,0,0,0,0,0,10.44846364,0,6.65,1,2.394520548
2/25/2015,2396,0,0,1,0,0,0,0,0,10.50426946,0.161417323,8.35,0,2.397260274
2/26/2015,2256,0,0,0,1,0,0,0,0,10.56032557,0.37007874,9.75,0,2.4
2/27/2015,1738,0,0,0,0,1,0,0,0,10.61661934,0.720472441,8.35,0,2.402739726
2/28/2015,2018,0,0,0,0,0,1,0,0,10.67313849,0,7.75,1,2.405479452
3/1/2015,1772,0,0,0,0,0,0,1,0,10.72987104,0,6.1,1,2.408219178
3/2/2015,2574,1,0,0,0,0,0,0,0,10.78680532,0,7.75,1,2.410958904
3/3/2015,2945,0,1,0,0,0,0,0,0,10.84392998,0,5.3,1,2.41369863
3/4/2015,2829,0,0,1,0,0,0,0,0,10.90123396,0,6.15,1,2.416438356
3/5/2015,2749,0,0,0,1,0,0,0,0,10.95870645,0,8.05,1,2.419178082
3/6/2015,2802,0,0,0,0,1,0,0,0,11.01633693,0,9.15,1,2.421917808
3/7/2015,2281,0,0,0,0,0,1,0,0,11.07411513,0,10.3,1,2.424657534
3/8/2015,2106,0,0,0,0,0,0,1,0,11.13203101,0,10.55,1,2.42739726
3/9/2015,2833,1,0,0,0,0,0,0,0,11.19007477,0,9.4,1,2.430136986
3/10/2015,2855,0,1,0,0,0,0,0,0,11.24823681,0.031496063,9.15,0,2.432876712
3/11/2015,2050,0,0,1,0,0,0,0,0,11.30650773,0.098425197,11.65,0,2.435616438
3/12/2015,2914,0,0,0,1,0,0,0,0,11.36487833,0,13.6,1,2.438356164
3/13/2015,2969,0,0,0,0,1,0,0,0,11.42333957,0.078740157,12.5,0,2.44109589
3/14/2015,875,0,0,0,0,0,1,0,0,11.48188257,0.669291339,11.65,0,2.443835616
3/15/2015,239,0,0,0,0,0,0,1,0,11.5404986,2.200787402,8.35,0,2.446575342
3/16/2015,2624,1,0,0,0,0,0,0,0,11.59917905,0.039370079,10,0,2.449315068
3/17/2015,2299,0,1,0,0,0,0,0,0,11.65791543,0.031496063,8.85,0,2.452054795
3/18/2015,2873,0,0,1,0,0,0,0,0,11.71669935,0,11.4,1,2.454794521
3/19/2015,2710,0,0,0,1,0,0,0,0,11.77552251,0,11.95,1,2.457534247
3/20/2015,2014,0,0,0,0,1,0,0,0,11.83437666,0.161417323,11.4,0,2.460273973
3/21/2015,1379,0,0,0,0,0,1,0,0,11.89325364,0.149606299,10.8,0,2.463013699
3/22/2015,1057,0,0,0,0,0,0,1,0,11.9521453,0.039370079,8.9,0,2.465753425
3/23/2015,2029,1,0,0,0,0,0,0,0,12.01104355,0.318897638,8.35,0,2.468493151
3/24/2015,2250,0,1,0,0,0,0,0,0,12.06994028,0.299212598,9.45,0,2.471232877
3/25/2015,2040,0,0,1,0,0,0,0,0,12.12882739,0.200787402,10.8,0,2.473972603
3/26/2015,3496,0,0,0,1,0,0,0,0,12.18769676,0,15.3,1,2.476712329
3/27/2015,3015,0,0,0,0,1,0,0,0,12.24654025,0.039370079,13.6,0,2.479452055
3/28/2015,1796,0,0,0,0,0,1,0,0,12.30534966,0,12.5,1,2.482191781
3/29/2015,1408,0,0,0,0,0,0,1,0,12.36411673,0,12.25,1,2.484931507
3/30/2015,3339,1,0,0,0,0,0,0,0,12.42283312,0.070866142,14.2,0,2.487671233
3/31/2015,2022,0,1,0,0,0,0,0,0,12.48149042,0.039370079,9.45,0,2.490410959
4/1/2015,2427,0,0,1,0,0,0,0,0,12.54008008,0.200787402,9.2,0,2.493150685
4/2/2015,2828,0,0,0,1,0,0,0,0,12.59859345,0,9.45,1,2.495890411
4/3/2015,2611,0,0,0,0,1,0,0,0,12.65702175,0.059055118,8.05,0,2.498630137
4/4/2015,1987,0,0,0,0,0,1,0,0,12.71535604,0,8.35,1,2.501369863
4/5/2015,1729,0,0,0,0,0,0,1,0,12.77358722,0,9.75,1,2.504109589
4/6/2015,2955,1,0,0,0,0,0,0,0,12.83170601,0.039370079,10.3,0,2.506849315
4/7/2015,3048,0,1,0,0,0,0,0,0,12.88970295,0.019685039,10.55,0,2.509589041
4/8/2015,3351,0,0,1,0,0,0,0,0,12.94756836,0,11.65,1,2.512328767
4/9/2015,3670,0,0,0,1,0,0,0,0,13.00529236,0,11.65,1,2.515068493
4/10/2015,2219,0,0,0,0,1,0,0,0,13.06286481,0.429133858,10.85,0,2.517808219
4/11/2015,1264,0,0,0,0,0,1,0,0,13.12027535,0,8.65,1,2.520547945
4/12/2015,1701,0,0,0,0,0,0,1,0,13.17751337,0,9.45,1,2.523287671
4/13/2015,2158,1,0,0,0,0,0,0,0,13.23456795,0.551181102,7.8,0,2.526027397
4/14/2015,2424,0,1,0,0,0,0,0,0,13.29142793,0.12992126,7.25,0,2.528767123
4/15/2015,3697,0,0,1,0,0,0,0,0,13.34808183,0,8.6,1,2.531506849
4/16/2015,4002,0,0,0,1,0,0,0,0,13.40451789,0,10.85,1,2.534246575
4/17/2015,3454,0,0,0,0,1,0,0,0,13.460724,0,12.5,1,2.536986301
4/18/2015,2401,0,0,0,0,0,1,0,0,13.51668774,0,13.6,1,2.539726027
4/19/2015,2775,0,0,0,0,0,0,1,0,13.57239637,0,14.7,1,2.542465753
4/20/2015,4556,1,0,0,0,0,0,0,0,13.62783678,0,15.3,1,2.545205479
4/21/2015,3243,0,1,0,0,0,0,0,0,13.68299551,0.220472441,11.95,0,2.547945205
4/22/2015,3351,0,0,1,0,0,0,0,0,13.73785873,0,10.3,1,2.550684932
4/23/2015,2458,0,0,0,1,0,0,0,0,13.79241226,0.118110236,9.45,0,2.553424658
4/24/2015,2276,0,0,0,0,1,0,0,0,13.84664153,0.12992126,9.15,0,2.556164384
4/25/2015,1616,0,0,0,0,0,1,0,0,13.90053158,0.051181102,9.45,0,2.55890411
4/26/2015,1566,0,0,0,0,0,0,1,0,13.95406706,0,10,1,2.561643836
4/27/2015,4140,1,0,0,0,0,0,0,0,14.00723223,0.011811024,17.8,0,2.564383562
4/28/2015,2745,0,1,0,0,0,0,0,0,14.06001097,0.070866142,12.25,0,2.567123288
4/29/2015,3437,0,0,1,0,0,0,0,0,14.11238673,0,11.65,1,2.569863014
4/30/2015,3608,0,0,0,1,0,0,0,0,14.16434258,0,12.5,1,2.57260274
5/1/2015,4224,0,0,0,0,1,0,0,0,14.21586117,0,13.6,1,2.575342466
5/2/2015,2215,0,0,0,0,0,1,0,0,14.26692478,0,13.05,1,2.578082192
5/3/2015,2235,0,0,0,0,0,0,1,0,14.31751526,0,14.2,1,2.580821918
5/4/2015,4520,1,0,0,0,0,0,0,0,14.36761408,0,12.2,1,2.583561644
5/5/2015,2605,0,1,0,0,0,0,0,0,14.41720232,0.24015748,10.8,0,2.58630137
5/6/2015,4231,0,0,1,0,0,0,0,0,14.46626068,0,11.95,1,2.589041096
5/7/2015,4916,0,0,0,1,0,0,0,0,14.51476948,0,13.35,1,2.591780822
5/8/2015,4452,0,0,0,0,1,0,0,0,14.56270868,0,16.1,1,2.594520548
5/9/2015,2753,0,0,0,0,0,1,0,0,14.61005787,0,18.05,1,2.597260274
5/10/2015,1958,0,0,0,0,0,0,1,0,14.65679633,0,15.25,1,2.6
5/11/2015,3676,1,0,0,0,0,0,0,0,14.70290297,0,11.95,1,2.602739726
5/12/2015,3653,0,1,0,0,0,0,0,0,14.74835644,0.169291339,13.1,0,2.605479452
5/13/2015,2707,0,0,1,0,0,0,0,0,14.79313506,0.161417323,11.1,0,2.608219178
5/14/2015,3811,0,0,0,1,0,0,0,0,14.83721689,0.011811024,13.6,0,2.610958904
5/15/2015,5053,0,0,0,0,1,0,0,0,14.88057976,0,14.7,1,2.61369863
5/16/2015,1655,0,0,0,0,0,1,0,0,14.92320124,0,13.35,1,2.616438356
5/17/2015,2011,0,0,0,0,0,0,1,0,14.96505872,0,15,1,2.619178082
5/18/2015,4845,1,0,0,0,0,0,0,0,15.00612944,0,18.9,1,2.621917808
5/19/2015,4872,0,1,0,0,0,0,0,0,15.04639046,0,16.7,1,2.624657534
5/20/2015,4580,0,0,1,0,0,0,0,0,15.08581877,0,16.95,1,2.62739726
5/21/2015,4768,0,0,0,1,0,0,0,0,15.12439126,0,18.65,1,2.630136986
5/22/2015,3668,0,0,0,0,1,0,0,0,15.16208479,0,14.2,1,2.632876712
5/23/2015,1580,0,0,0,0,0,1,0,0,15.19887623,0,13.9,1,2.635616438
5/24/2015,1776,0,0,0,0,0,0,1,0,15.23474248,0,14.45,1,2.638356164
5/25/2015,1737,1,0,0,0,0,0,0,1,15.26966052,0,13.35,1,2.64109589
5/26/2015,4254,0,1,0,0,0,0,0,0,15.30360748,0,16.7,1,2.643835616
5/27/2015,4771,0,0,1,0,0,0,0,0,15.33656062,0,18.05,1,2.646575342
5/28/2015,5142,0,0,0,1,0,0,0,0,15.36849745,0,20,1,2.649315068
5/29/2015,4548,0,0,0,0,1,0,0,0,15.39939572,0,19.45,1,2.652054795
5/30/2015,2308,0,0,0,0,0,1,0,0,15.42923353,0,16.4,1,2.654794521
5/31/2015,2251,0,0,0,0,0,0,1,0,15.45798929,0,18.35,1,2.657534247
6/1/2015,2989,1,0,0,0,0,0,0,0,15.48564187,0.181102362,13.9,0,2.660273973
6/2/2015,3078,0,1,0,0,0,0,0,0,15.51217057,0.019685039,15.3,0,2.663013699
6/3/2015,3658,0,0,1,0,0,0,0,0,15.53755524,0,15.85,1,2.665753425
6/4/2015,4637,0,0,0,1,0,0,0,0,15.56177625,0,17.25,1,2.668493151
6/5/2015,4333,0,0,0,0,1,0,0,0,15.58481463,0,19.75,1,2.671232877
6/6/2015,2475,0,0,0,0,0,1,0,0,15.60665206,0,21.35,1,2.673972603
6/7/2015,2487,0,0,0,0,0,0,1,0,15.62727095,0,23.35,1,2.676712329
6/8/2015,4475,1,0,0,0,0,0,0,0,15.64665447,0,22.5,1,2.679452055
6/9/2015,4935,0,1,0,0,0,0,0,0,15.6647866,0,21.65,1,2.682191781
6/10/2015,4977,0,0,1,0,0,0,0,0,15.6816522,0,18.35,1,2.684931507
6/11/2015,4719,0,0,0,1,0,0,0,0,15.69723703,0,17.75,1,2.687671233
6/12/2015,3769,0,0,0,0,1,0,0,0,15.71152781,0,15.85,1,2.690410959
6/13/2015,2688,0,0,0,0,0,1,0,0,15.72451225,0,16.65,1,2.693150685
6/14/2015,2556,0,0,0,0,0,0,1,0,15.73617908,0,19.75,1,2.695890411
6/15/2015,4581,1,0,0,0,0,0,0,0,15.74651813,0,23.05,1,2.698630137
6/16/2015,4551,0,1,0,0,0,0,0,0,15.75552028,0,16.95,1,2.701369863
6/17/2015,4711,0,0,1,0,0,0,0,0,15.7631776,0,18.05,1,2.704109589
6/18/2015,4284,0,0,0,1,0,0,0,0,15.76948326,0,19.15,1,2.706849315
6/19/2015,3417,0,0,0,0,1,0,0,0,15.77443164,0.019685039,18.6,0,2.709589041
6/20/2015,2323,0,0,0,0,0,1,0,0,15.7780183,0,18.9,1,2.712328767
6/21/2015,2170,0,0,0,0,0,0,1,0,15.78024004,0,19.75,1,2.715068493
6/22/2015,4456,1,0,0,0,0,0,0,0,15.78109484,0,18.9,1,2.717808219
6/23/2015,4998,0,1,0,0,0,0,0,0,15.78058194,0,18.9,1,2.720547945
6/24/2015,4725,0,0,1,0,0,0,0,0,15.7787018,0,20.85,1,2.723287671
6/25/2015,4709,0,0,0,1,0,0,0,0,15.77545611,0,23.1,1,2.726027397
6/26/2015,3869,0,0,0,0,1,0,0,0,15.77084779,0,24.75,1,2.728767123
6/27/2015,2210,0,0,0,0,0,1,0,0,15.76488097,0,25.25,1,2.731506849
6/28/2015,2101,0,0,0,0,0,0,1,0,15.75756098,0.011811024,23.3,0,2.734246575
6/29/2015,4181,1,0,0,0,0,0,0,0,15.74889433,0,23.05,1,2.736986301
6/30/2015,4655,0,1,0,0,0,0,0,0,15.7388887,0,22.8,1,2.739726027
7/1/2015,4651,0,0,1,0,0,0,0,0,15.7275529,0,24.7,1,2.742465753
7/2/2015,3937,0,0,0,1,0,0,0,0,15.71489684,0,25.85,1,2.745205479
7/3/2015,2313,0,0,0,0,1,0,0,1,15.70093154,0,25.55,1,2.747945205
7/4/2015,2443,0,0,0,0,0,1,0,0,15.68566901,0,24.15,1,2.750684932
7/5/2015,1919,0,0,0,0,0,0,1,0,15.6691223,0,24.75,1,2.753424658
7/6/2015,4066,1,0,0,0,0,0,0,0,15.65130542,0,22.5,1,2.756164384
7/7/2015,4635,0,1,0,0,0,0,0,0,15.63223329,0,20.55,1,2.75890411
7/8/2015,4761,0,0,1,0,0,0,0,0,15.6119217,0,22.2,1,2.761643836
7/9/2015,4479,0,0,0,1,0,0,0,0,15.59038728,0,21.65,1,2.764383562
7/10/2015,3772,0,0,0,0,1,0,0,0,15.56764744,0,18.9,1,2.767123288
7/11/2015,2053,0,0,0,0,0,1,0,0,15.54372033,0,19.45,1,2.769863014
7/12/2015,2037,0,0,0,0,0,0,1,0,15.51862477,0,21.4,1,2.77260274
7/13/2015,4069,1,0,0,0,0,0,0,0,15.49238021,0,20.85,1,2.775342466
7/14/2015,4795,0,1,0,0,0,0,0,0,15.46500668,0,21.95,1,2.778082192
7/15/2015,4686,0,0,1,0,0,0,0,0,15.43652474,0,20.25,1,2.780821918
7/16/2015,4424,0,0,0,1,0,0,0,0,15.40695544,0,20.55,1,2.783561644
7/17/2015,3813,0,0,0,0,1,0,0,0,15.37632024,0,20.85,1,2.78630137
7/18/2015,2195,0,0,0,0,0,1,0,0,15.34464098,0,25.55,1,2.789041096
7/19/2015,1963,0,0,0,0,0,0,1,0,15.31193981,0,26.1,1,2.791780822
7/20/2015,4213,1,0,0,0,0,0,0,0,15.27823919,0,21.7,1,2.794520548
7/21/2015,4268,0,1,0,0,0,0,0,0,15.24356178,0,19.45,1,2.797260274
7/22/2015,4648,0,0,1,0,0,0,0,0,15.20793043,0,18.9,1,2.8
7/23/2015,4359,0,0,0,1,0,0,0,0,15.17136812,0,20.25,1,2.802739726
7/24/2015,3628,0,0,0,0,1,0,0,0,15.13389795,0.011811024,18.05,0,2.805479452
7/25/2015,1384,0,0,0,0,0,1,0,0,15.09554303,0,17.75,1,2.808219178
7/26/2015,1452,0,0,0,0,0,0,1,0,15.05632651,0.078740157,18.05,0,2.810958904
7/27/2015,4102,1,0,0,0,0,0,0,0,15.0162715,0,17.75,1,2.81369863
7/28/2015,4715,0,1,0,0,0,0,0,0,14.97540106,0,20.85,1,2.816438356
7/29/2015,4734,0,0,1,0,0,0,0,0,14.93373812,0,23.3,1,2.819178082
7/30/2015,4379,0,0,0,1,0,0,0,0,14.89130551,0,25.8,1,2.821917808
7/31/2015,3887,0,0,0,0,1,0,0,0,14.84812588,0,26.1,1,2.824657534
8/1/2015,2219,0,0,0,0,0,1,0,0,14.8042217,0,24.45,1,2.82739726
8/2/2015,1883,0,0,0,0,0,0,1,0,14.75961521,0,23.35,1,2.830136986
8/3/2015,4243,1,0,0,0,0,0,0,0,14.71432842,0,22.75,1,2.832876712
8/4/2015,4655,0,1,0,0,0,0,0,0,14.66838305,0,20.25,1,2.835616438
8/5/2015,4108,0,0,1,0,0,0,0,0,14.62180056,0,17.75,1,2.838356164
8/6/2015,4295,0,0,0,1,0,0,0,0,14.57460209,0,20,1,2.84109589
8/7/2015,4100,0,0,0,0,1,0,0,0,14.52680847,0,21.95,1,2.843835616
8/8/2015,2014,0,0,0,0,0,1,0,0,14.47844018,0,20.3,1,2.846575342
8/9/2015,2945,0,0,0,0,0,0,1,0,14.42951735,0,21.65,1,2.849315068
8/10/2015,3898,1,0,0,0,0,0,0,0,14.38005975,0,22.5,1,2.852054795
8/11/2015,4530,0,1,0,0,0,0,0,0,14.33008679,0,23.35,1,2.854794521
8/12/2015,4403,0,0,1,0,0,0,0,0,14.27961747,0.299212598,22.5,0,2.857534247
8/13/2015,4428,0,0,0,1,0,0,0,0,14.22867043,0,21.95,1,2.860273973
8/14/2015,2062,0,0,0,0,1,0,0,0,14.17726391,1.200787402,16.65,0,2.863013699
8/15/2015,1702,0,0,0,0,0,1,0,0,14.12541573,0,17.8,1,2.865753425
8/16/2015,2333,0,0,0,0,0,0,1,0,14.07314334,0,19.7,1,2.868493151
8/17/2015,4319,1,0,0,0,0,0,0,0,14.02046379,0,20.55,1,2.871232877
8/18/2015,4508,0,1,0,0,0,0,0,0,13.96739369,0,22.5,1,2.873972603
8/19/2015,4548,0,0,1,0,0,0,0,0,13.9139493,0,23.9,1,2.876712329
8/20/2015,3846,0,0,0,1,0,0,0,0,13.86014644,0.078740157,18.6,0,2.879452055
8/21/2015,3606,0,0,0,0,1,0,0,0,13.80600056,0,18.3,1,2.882191781
8/22/2015,2090,0,0,0,0,0,1,0,0,13.75152671,0,19.45,1,2.884931507
8/23/2015,2016,0,0,0,0,0,0,1,0,13.69673956,0,20.85,1,2.887671233
8/24/2015,4072,1,0,0,0,0,0,0,0,13.6416534,0,18.05,1,2.890410959
8/25/2015,4473,0,1,0,0,0,0,0,0,13.58628214,0,18.9,1,2.893150685
8/26/2015,4331,0,0,1,0,0,0,0,0,13.53063932,0,21.1,1,2.895890411
8/27/2015,4336,0,0,0,1,0,0,0,0,13.47473815,0,21.9,1,2.898630137
8/28/2015,2653,0,0,0,0,1,0,0,0,13.41859145,0.019685039,19.45,0,2.901369863
8/29/2015,699,0,0,0,0,0,1,0,0,13.36221174,1.279527559,17.75,0,2.904109589
8/30/2015,1213,0,0,0,0,0,0,1,0,13.30561118,0.401574803,16.4,0,2.906849315
8/31/2015,2823,1,0,0,0,0,0,0,0,13.24880163,0,17.5,1,2.909589041
9/1/2015,2876,0,1,0,0,0,0,0,0,13.19179464,0.228346457,16.65,0,2.912328767
